	sequence_id	Assembly	Domain	Temperature	cluster_id	genus	species	tax_cluster_id	len
0	GCA_000007185.1	GCA_000007185.1	Archaea	Hyperthermophiles	Archaea_Temperature	Methanopyrus	Methanopyrus kandleri	190192.0	500000
1	GCA_000007225.1	GCA_000007225.1	Archaea	Hyperthermophiles	Archaea_Temperature	Pyrobaculum	Pyrobaculum aerophilum	13773.0	500000
2	GCA_000007305.1	GCA_000007305.1	Archaea	Hyperthermophiles	Archaea_Temperature	Pyrococcus	Pyrococcus furiosus	186497.0	500000
3	GCA_000008545.1	GCA_000008545.1	Bacteria	Hyperthermophiles	Bacteria_Temperature	Thermotoga	Thermotoga maritima	243274.0	500000
4	GCA_000008645.1	GCA_000008645.1	Archaea	Thermophiles	Archaea_Temperature	Methanothermobacter	Methanothermobacter thermautotrophicus	187420.0	500000
5	GCA_000008665.1	GCA_000008665.1	Archaea	Hyperthermophiles	Archaea_Temperature	Archaeoglobus	Archaeoglobus fulgidus	2234.0	500000
6	GCA_000009965.1	GCA_000009965.1	Archaea	Hyperthermophiles	Archaea_Temperature	Thermococcus	Thermococcus kodakarensis	69014.0	500000
7	GCA_000010125.1	GCA_000010125.1	Bacteria	Mesophiles	Bacteria_Temperature	Staphylococcus	Staphylococcus saprophyticus	29385.0	500000
8	GCA_000011125.1	GCA_000011125.1	Archaea	Hyperthermophiles	Archaea_Temperature	Aeropyrum	Aeropyrum pernix	56636.0	500000
9	GCA_000011185.1	GCA_000011185.1	Archaea	Thermophiles	Archaea_Temperature	Thermoplasma	Thermoplasma volcanium	273116.0	500000
10	GCA_000011205.1	GCA_000011205.1	Archaea	Hyperthermophiles	Archaea_Temperature	Sulfurisphaera	Sulfurisphaera tokodaii	273063.0	500000
11	GCA_000012285.1	GCA_000012285.1	Archaea	Thermophiles	Archaea_Temperature	Sulfolobus	Sulfolobus acidocaldarius	2285.0	500000
12	GCA_000012305.1	GCA_000012305.1	Bacteria	Psychrophiles	Bacteria_Temperature	Psychrobacter	Psychrobacter arcticus	259536.0	500000
13	GCA_000012745.1	GCA_000012745.1	Bacteria	Thermophiles	Bacteria_Temperature	Thiobacillus	Thiobacillus denitrificans_B	292415.0	500000
14	GCA_000013445.1	GCA_000013445.1	Archaea	Mesophiles	Archaea_Temperature	Methanospirillum	Methanospirillum hungatei	323259.0	500000
15	GCA_000013725.1	GCA_000013725.1	Archaea	Psychrophiles	Archaea_Temperature	Methanococcoides	Methanococcoides burtonii	259564.0	500000
16	GCA_000013765.1	GCA_000013765.1	Bacteria	Mesophiles	Bacteria_Temperature	Shewanella	Shewanella denitrificans	318161.0	500000
17	GCA_000013905.1	GCA_000013905.1	Bacteria	Psychrophiles	Bacteria_Temperature	Psychrobacter	Psychrobacter cryohalolentis	330922.0	500000
18	GCA_000014185.1	GCA_000014185.1	Bacteria	Thermophiles	Bacteria_Temperature	Rubrobacter_B	Rubrobacter_B xylanophilus	266117.0	500000
19	GCA_000014885.1	GCA_000014885.1	Bacteria	Psychrophiles	Bacteria_Temperature	Shewanella	Shewanella piezotolerans	225849.0	500000
20	GCA_000014945.1	GCA_000014945.1	Archaea	Thermophiles	Archaea_Temperature	Methanothrix_B	Methanothrix_B thermoacetophila	349307.0	500000
21	GCA_000015025.1	GCA_000015025.1	Bacteria	Thermophiles	Bacteria_Temperature	Acidothermus	Acidothermus cellulolyticus	351607.0	500000
22	GCA_000015145.1	GCA_000015145.1	Archaea	Hyperthermophiles	Archaea_Temperature	Hyperthermus	Hyperthermus butylicus	415426.0	500000
23	GCA_000015205.1	GCA_000015205.1	Archaea	Hyperthermophiles	Archaea_Temperature	Pyrobaculum	Pyrobaculum islandicum	384616.0	500000
24	GCA_000015225.1	GCA_000015225.1	Archaea	Hyperthermophiles	Archaea_Temperature	Thermofilum_B	Thermofilum_B pendens_A	368408.0	500000
25	GCA_000015285.1	GCA_000015285.1	Bacteria	Psychrophiles	Bacteria_Temperature	Psychromonas	Psychromonas ingrahamii	357804.0	500000
26	GCA_000015505.1	GCA_000015505.1	Bacteria	Psychrophiles	Bacteria_Temperature	Polaromonas	Polaromonas naphthalenivorans	365044.0	500000
27	GCA_000015805.1	GCA_000015805.1	Archaea	Hyperthermophiles	Archaea_Temperature	Pyrobaculum	Pyrobaculum calidifontis	410359.0	500000
28	GCA_000015825.1	GCA_000015825.1	Archaea	Mesophiles	Archaea_Temperature	Methanoculleus	Methanoculleus marisnigri	2198.0	500000
29	GCA_000015945.1	GCA_000015945.1	Archaea	Hyperthermophiles	Archaea_Temperature	Staphylothermus	Staphylothermus marinus	399550.0	500000
30	GCA_000016065.1	GCA_000016065.1	Bacteria	Psychrophiles	Bacteria_Temperature	Shewanella	Shewanella loihica	323850.0	500000
31	GCA_000016385.1	GCA_000016385.1	Archaea	Hyperthermophiles	Archaea_Temperature	Pyrobaculum	Pyrobaculum arsenaticum	121277.0	500000
32	GCA_000016545.1	GCA_000016545.1	Bacteria	Thermophiles	Bacteria_Temperature	Caldicellulosiruptor	Caldicellulosiruptor saccharolyticus	351627.0	500000
33	GCA_000016605.1	GCA_000016605.1	Archaea	Thermophiles	Archaea_Temperature	Metallosphaera	Metallosphaera sedula	43687.0	500000
34	GCA_000016785.1	GCA_000016785.1	Bacteria	Hyperthermophiles	Bacteria_Temperature	Thermotoga	Thermotoga petrophila	590168.0	500000
35	GCA_000017185.1	GCA_000017185.1	Archaea	Mesophiles	Archaea_Temperature	Methanothermococcus_A	Methanothermococcus_A aeolicus	42879.0	500000
36	GCA_000017945.1	GCA_000017945.1	Archaea	Hyperthermophiles	Archaea_Temperature	Ignicoccus_A	Ignicoccus_A hospitalis	453591.0	500000
37	GCA_000018025.1	GCA_000018025.1	Bacteria	Psychrophiles	Bacteria_Temperature	Shewanella	Shewanella sediminis	425104.0	500000
38	GCA_000018285.1	GCA_000018285.1	Bacteria	Mesophiles	Bacteria_Temperature	Shewanella	Shewanella pealeana	398579.0	500000
39	GCA_000018305.1	GCA_000018305.1	Archaea	Hyperthermophiles	Archaea_Temperature	Caldivirga	Caldivirga maquilingensis	397948.0	500000
40	GCA_000018365.1	GCA_000018365.1	Archaea	Hyperthermophiles	Archaea_Temperature	Thermococcus	Thermococcus onnurineus	523850.0	500000
41	GCA_000018465.1	GCA_000018465.1	Archaea	Mesophiles	Archaea_Temperature	Nitrosopumilus	Nitrosopumilus maritimus	436308.0	500000
42	GCA_000018945.1	GCA_000018945.1	Bacteria	Hyperthermophiles	Bacteria_Temperature	Thermotoga	Thermotoga neapolitana	309803.0	500000
43	GCA_000019085.1	GCA_000019085.1	Bacteria	Thermophiles	Bacteria_Temperature	Thermoanaerobacter	Thermoanaerobacter pseudethanolicus	509193.0	500000
44	GCA_000019185.1	GCA_000019185.1	Bacteria	Psychrophiles	Bacteria_Temperature	Shewanella	Shewanella halifaxensis	271098.0	500000
45	GCA_000019525.1	GCA_000019525.1	Bacteria	Psychrophiles	Bacteria_Temperature	Shewanella	Shewanella woodyi	392500.0	500000
46	GCA_000019805.1	GCA_000019805.1	Archaea	Hyperthermophiles	Archaea_Temperature	Pyrobaculum	Pyrobaculum neutrophilum	444157.0	500000
47	GCA_000020585.3	GCA_000020585.3	Bacteria	Psychrophiles	Bacteria_Temperature	Alteromonas	Alteromonas mediterranea	1300253.0	500000
48	GCA_000020965.1	GCA_000020965.1	Bacteria	Thermophiles	Bacteria_Temperature	Dictyoglomus	Dictyoglomus thermophilum	309799.0	500000
49	GCA_000021645.1	GCA_000021645.1	Bacteria	Thermophiles	Bacteria_Temperature	Dictyoglomus	Dictyoglomus turgidum	515635.0	500000
50	GCA_000021965.1	GCA_000021965.1	Archaea	Mesophiles	Archaea_Temperature	Methanosphaerula	Methanosphaerula palustris	521011.0	500000
51	GCA_000022205.1	GCA_000022205.1	Archaea	Psychrophiles	Archaea_Temperature	Halorubrum	Halorubrum lacusprofundi	416348.0	500000
52	GCA_000022325.1	GCA_000022325.1	Bacteria	Thermophiles	Bacteria_Temperature	Caldicellulosiruptor	Caldicellulosiruptor bescii	31899.0	500000
53	GCA_000022365.1	GCA_000022365.1	Archaea	Hyperthermophiles	Archaea_Temperature	Thermococcus	Thermococcus gammatolerans	593117.0	500000
54	GCA_000022485.1	GCA_000022485.1	Archaea	Hyperthermophiles	Archaea_Temperature	Saccharolobus	Saccharolobus islandicus	425944.0	500000
55	GCA_000022545.1	GCA_000022545.1	Archaea	Hyperthermophiles	Archaea_Temperature	Thermococcus_A	Thermococcus_A sibiricus	604354.0	500000
56	GCA_000023465.1	GCA_000023465.1	Bacteria	Psychrophiles	Bacteria_Temperature	Zunongwangia	Zunongwangia profunda	655815.0	500000
57	GCA_000023945.1	GCA_000023945.1	Archaea	Mesophiles	Archaea_Temperature	Halorhabdus	Halorhabdus utahensis	519442.0	500000
58	GCA_000023965.1	GCA_000023965.1	Archaea	Mesophiles	Archaea_Temperature	Halomicrobium	Halomicrobium mukohataei	485914.0	500000
59	GCA_000023985.1	GCA_000023985.1	Archaea	Thermophiles	Archaea_Temperature	Methanocaldococcus	Methanocaldococcus fervens	573064.0	500000
60	GCA_000024285.1	GCA_000024285.1	Bacteria	Thermophiles	Bacteria_Temperature	Alicyclobacillus	Alicyclobacillus acidocaldarius	521098.0	500000
61	GCA_000024605.1	GCA_000024605.1	Bacteria	Thermophiles	Bacteria_Temperature	Ammonifex	Ammonifex degensii	429009.0	500000
62	GCA_000024625.1	GCA_000024625.1	Archaea	Thermophiles	Archaea_Temperature	Methanocaldococcus	Methanocaldococcus vulcanius	579137.0	500000
63	GCA_000024845.1	GCA_000024845.1	Bacteria	Thermophiles	Bacteria_Temperature	Rhodothermus	Rhodothermus marinus	518766.0	500000
64	GCA_000025325.1	GCA_000025325.1	Archaea	Thermophiles	Archaea_Temperature	Haloterrigena	Haloterrigena turkmenica	543526.0	500000
65	GCA_000025505.1	GCA_000025505.1	Archaea	Hyperthermophiles	Archaea_Temperature	Ferroglobus	Ferroglobus placidus	589924.0	500000
66	GCA_000025605.1	GCA_000025605.1	Bacteria	Thermophiles	Bacteria_Temperature	Thermocrinis	Thermocrinis albus	638303.0	500000
67	GCA_000025665.1	GCA_000025665.1	Archaea	Thermophiles	Archaea_Temperature	Aciduliprofundum	Aciduliprofundum boonei	439481.0	500000
68	GCA_000025685.1	GCA_000025685.1	Archaea	Mesophiles	Archaea_Temperature	Haloferax	Haloferax volcanii	309800.0	500000
69	GCA_000025865.1	GCA_000025865.1	Archaea	Mesophiles	Archaea_Temperature	Methanohalophilus	Methanohalophilus mahii	547558.0	500000
70	GCA_000026225.1	GCA_000026225.1	Bacteria	Mesophiles	Bacteria_Temperature	Escherichia	Escherichia fergusonii	564.0	500000
71	GCA_000027065.2	GCA_000027065.2	Bacteria	Mesophiles	Bacteria_Temperature	Cronobacter	Cronobacter turicensis	1208590.0	500000
72	GCA_000027145.1	GCA_000027145.1	Bacteria	Mesophiles	Bacteria_Temperature	Listeria	Listeria seeligeri	1640.0	500000
73	GCA_000060285.1	GCA_000060285.1	Bacteria	Mesophiles	Bacteria_Temperature	Listeria	Listeria welshimeri	1643.0	500000
74	GCA_000091325.1	GCA_000091325.1	Bacteria	Psychrophiles	Bacteria_Temperature	Shewanella	Shewanella violacea	637905.0	500000
75	GCA_000091545.1	GCA_000091545.1	Bacteria	Thermophiles	Bacteria_Temperature	Thermus	Thermus thermophilus	274.0	500000
76	GCA_000091665.1	GCA_000091665.1	Archaea	Thermophiles	Archaea_Temperature	Methanocaldococcus	Methanocaldococcus jannaschii	2190.0	500000
77	GCA_000092125.1	GCA_000092125.1	Bacteria	Thermophiles	Bacteria_Temperature	Meiothermus_B	Meiothermus_B silvanus	526227.0	500000
78	GCA_000092425.1	GCA_000092425.1	Bacteria	Thermophiles	Bacteria_Temperature	Truepera	Truepera radiovictrix	649638.0	500000
79	GCA_000144915.1	GCA_000144915.1	Archaea	Thermophiles	Archaea_Temperature	Acidilobus	Acidilobus saccharovorans	666510.0	500000
80	GCA_000145215.1	GCA_000145215.1	Bacteria	Thermophiles	Bacteria_Temperature	Caldicellulosiruptor	Caldicellulosiruptor obsidiansis	608506.0	500000
81	GCA_000145295.1	GCA_000145295.1	Archaea	Thermophiles	Archaea_Temperature	Methanothermobacter	Methanothermobacter marburgensis	2603820.0	500000
82	GCA_000145615.1	GCA_000145615.1	Bacteria	Thermophiles	Bacteria_Temperature	Thermoanaerobacterium	Thermoanaerobacterium thermosaccharolyticum	1517.0	500000
83	GCA_000145985.1	GCA_000145985.1	Archaea	Hyperthermophiles	Archaea_Temperature	Ignisphaera	Ignisphaera aggregans	334771.0	500000
84	GCA_000147695.3	GCA_000147695.3	Bacteria	Thermophiles	Bacteria_Temperature	Thermoanaerobacter	Thermoanaerobacter wiegelii	697303.0	500000
85	GCA_000147875.1	GCA_000147875.1	Archaea	Mesophiles	Archaea_Temperature	Methanolacinia	Methanolacinia petrolearia	679926.0	500000
86	GCA_000148385.1	GCA_000148385.1	Archaea	Hyperthermophiles	Archaea_Temperature	Vulcanisaeta	Vulcanisaeta distributa	572478.0	500000
87	GCA_000148995.1	GCA_000148995.1	Bacteria	Mesophiles	Bacteria_Temperature	Listeria	Listeria grayi	1641.0	500000
88	GCA_000151105.2	GCA_000151105.2	Archaea	Hyperthermophiles	Archaea_Temperature	Thermococcus_B	Thermococcus_B barophilus	391623.0	500000
89	GCA_000151205.2	GCA_000151205.2	Archaea	Hyperthermophiles	Archaea_Temperature	Thermococcus	Thermococcus sp000151205	246969.0	500000
90	GCA_000153225.1	GCA_000153225.1	Bacteria	Psychrophiles	Bacteria_Temperature	Polaribacter	Polaribacter irgensii	313594.0	500000
91	GCA_000153485.2	GCA_000153485.2	Bacteria	Psychrophiles	Bacteria_Temperature	Psychroflexus	Psychroflexus torquis	313595.0	500000
92	GCA_000166095.1	GCA_000166095.1	Archaea	Hyperthermophiles	Archaea_Temperature	Methanothermus	Methanothermus fervidus	523846.0	500000
93	GCA_000166335.1	GCA_000166335.1	Bacteria	Thermophiles	Bacteria_Temperature	Caldicellulosiruptor	Caldicellulosiruptor owensensis	632518.0	500000
94	GCA_000166355.1	GCA_000166355.1	Bacteria	Thermophiles	Bacteria_Temperature	Caldicellulosiruptor	Caldicellulosiruptor hydrothermalis	632292.0	500000
95	GCA_000166775.1	GCA_000166775.1	Bacteria	Thermophiles	Bacteria_Temperature	Caldicellulosiruptor	Caldicellulosiruptor kronotskyensis	632348.0	500000
96	GCA_000172995.2	GCA_000172995.2	Archaea	Thermophiles	Archaea_Temperature	Halogeometricum	Halogeometricum borinquense	469382.0	500000
97	GCA_000175575.2	GCA_000175575.2	Bacteria	Thermophiles	Bacteria_Temperature	Acidithiobacillus_A	Acidithiobacillus_A caldus	637389.0	500000
98	GCA_000179575.2	GCA_000179575.2	Archaea	Thermophiles	Archaea_Temperature	Methanothermococcus_A	Methanothermococcus_A okinawensis	647113.0	500000
99	GCA_000186365.1	GCA_000186365.1	Archaea	Hyperthermophiles	Archaea_Temperature	Desulfurococcus	Desulfurococcus mucosus	765177.0	500000
100	GCA_000188055.3	GCA_000188055.3	Bacteria	Mesophiles	Bacteria_Temperature	Streptococcus	Streptococcus urinalis	764291.0	500000
101	GCA_000188295.1	GCA_000188295.1	Bacteria	Mesophiles	Bacteria_Temperature	Streptococcus	Streptococcus vestibularis	1343.0	500000
102	GCA_000190315.1	GCA_000190315.1	Archaea	Hyperthermophiles	Archaea_Temperature	Vulcanisaeta	Vulcanisaeta moutnovskia	985053.0	500000
103	GCA_000193375.1	GCA_000193375.1	Archaea	Thermophiles	Archaea_Temperature	Thermoproteus	Thermoproteus uzoniensis	999630.0	500000
104	GCA_000195575.1	GCA_000195575.1	Bacteria	Psychrophiles	Bacteria_Temperature	Carnobacterium_A	Carnobacterium_A sp000195575	208596.0	500000
105	GCA_000195915.1	GCA_000195915.1	Archaea	Thermophiles	Archaea_Temperature	Thermoplasma	Thermoplasma acidophilum	273075.0	500000
106	GCA_000195935.2	GCA_000195935.2	Archaea	Hyperthermophiles	Archaea_Temperature	Pyrococcus	Pyrococcus abyssi	272844.0	500000
107	GCA_000196795.1	GCA_000196795.1	Bacteria	Mesophiles	Bacteria_Temperature	Acinetobacter	Acinetobacter oleivorans	436717.0	500000
108	GCA_000196895.1	GCA_000196895.1	Archaea	Thermophiles	Archaea_Temperature	Halalkalicoccus	Halalkalicoccus jeotgali	795797.0	500000
109	GCA_000200715.1	GCA_000200715.1	Archaea	Psychrophiles	Archaea_Temperature	Cenarchaeum	Cenarchaeum symbiosum	414004.0	500000
110	GCA_000204925.1	GCA_000204925.1	Archaea	Thermophiles	Archaea_Temperature	Metallosphaera	Metallosphaera cuprina	1006006.0	500000
111	GCA_000211475.1	GCA_000211475.1	Archaea	Hyperthermophiles	Archaea_Temperature	Pyrococcus	Pyrococcus sp000211475	342949.0	500000
112	GCA_000212395.1	GCA_000212395.1	Bacteria	Thermophiles	Bacteria_Temperature	Thermodesulfobium	Thermodesulfobium narugense	747365.0	500000
113	GCA_000214415.1	GCA_000214415.1	Archaea	Hyperthermophiles	Archaea_Temperature	Methanotorris	Methanotorris igneus	880724.0	500000
114	GCA_000214725.1	GCA_000214725.1	Archaea	Mesophiles	Archaea_Temperature	Methanobacterium_C	Methanobacterium_C paludis	868131.0	500000
115	GCA_000215995.1	GCA_000215995.1	Archaea	Hyperthermophiles	Archaea_Temperature	Pyrococcus	Pyrococcus yayanosii	529709.0	500000
116	GCA_000217815.1	GCA_000217815.1	Bacteria	Thermophiles	Bacteria_Temperature	Pseudothermotoga	Pseudothermotoga thermarum	688269.0	500000
117	GCA_000219875.1	GCA_000219875.1	Bacteria	Thermophiles	Bacteria_Temperature	Alicyclobacillus	Alicyclobacillus acidocaldarius_A	1048834.0	500000
118	GCA_000220175.2	GCA_000220175.2	Archaea	Mesophiles	Archaea_Temperature	Nitrosarchaeum	Nitrosarchaeum koreense	1088740.0	500000
119	GCA_000223395.1	GCA_000223395.1	Archaea	Hyperthermophiles	Archaea_Temperature	Pyrolobus	Pyrolobus fumarii	694429.0	500000
120	GCA_000226295.1	GCA_000226295.1	Bacteria	Thermophiles	Bacteria_Temperature	Chloracidobacterium	Chloracidobacterium thermophilum	458033.0	500000
121	GCA_000234805.1	GCA_000234805.1	Archaea	Hyperthermophiles	Archaea_Temperature	Pyrobaculum	Pyrobaculum ferrireducens	1104324.0	500000
122	GCA_000235405.3	GCA_000235405.3	Bacteria	Thermophiles	Bacteria_Temperature	Fervidobacterium	Fervidobacterium pennivorans	93466.0	500000
123	GCA_000235565.1	GCA_000235565.1	Archaea	Mesophiles	Archaea_Temperature	Methanothrix_A	Methanothrix_A harundinacea_E	1110509.0	500000
124	GCA_000236925.1	GCA_000236925.1	Bacteria	Mesophiles	Bacteria_Temperature	Staphylococcus	Staphylococcus argenteus	985002.0	500000
125	GCA_000243255.1	GCA_000243255.1	Archaea	Mesophiles	Archaea_Temperature	Methanoplanus	Methanoplanus limicola	937775.0	500000
126	GCA_000243315.1	GCA_000243315.1	Archaea	Thermophiles	Archaea_Temperature	Metallosphaera	Metallosphaera yellowstonensis	671065.0	500000
127	GCA_000243455.2	GCA_000243455.2	Archaea	Thermophiles	Archaea_Temperature	Methanotorris	Methanotorris formicicus	647171.0	500009
128	GCA_000246985.3	GCA_000246985.3	Archaea	Hyperthermophiles	Archaea_Temperature	Thermococcus_A	Thermococcus_A litoralis	523849.0	500000
129	GCA_000247545.1	GCA_000247545.1	Archaea	Hyperthermophiles	Archaea_Temperature	Pyrobaculum	Pyrobaculum oguniense	698757.0	500000
130	GCA_000251105.1	GCA_000251105.1	Archaea	Thermophiles	Archaea_Temperature	Methanocella	Methanocella conradii	1041930.0	500000
131	GCA_000252125.2	GCA_000252125.2	Bacteria	Psychrophiles	Bacteria_Temperature	Flavobacterium	Flavobacterium frigoris_A	229204.0	500000
132	GCA_000253055.1	GCA_000253055.1	Archaea	Hyperthermophiles	Archaea_Temperature	Thermoproteus	Thermoproteus tenax	768679.0	500000
133	GCA_000258515.1	GCA_000258515.1	Archaea	Hyperthermophiles	Archaea_Temperature	Thermococcus	Thermococcus zilligii	1151117.0	500000
134	GCA_000264495.1	GCA_000264495.1	Archaea	Hyperthermophiles	Archaea_Temperature	Thermogladius	Thermogladius calderae	1184251.0	500000
135	GCA_000265525.1	GCA_000265525.1	Archaea	Hyperthermophiles	Archaea_Temperature	Thermococcus	Thermococcus cleftensis	163003.0	500000
136	GCA_000275865.1	GCA_000275865.1	Archaea	Mesophiles	Archaea_Temperature	Methanofollis	Methanofollis liminatans	28892.0	500000
137	GCA_000276805.1	GCA_000276805.1	Bacteria	Psychrophiles	Bacteria_Temperature	Moritella	Moritella dasanensis	1201293.0	500001
138	GCA_000298075.1	GCA_000298075.1	Bacteria	Mesophiles	Bacteria_Temperature	Staphylococcus	Staphylococcus massiliensis	1229783.0	500000
139	GCA_000304355.2	GCA_000304355.2	Archaea	Mesophiles	Archaea_Temperature	Methanoculleus	Methanoculleus bourgensis	1201294.0	500000
140	GCA_000306725.1	GCA_000306725.1	Archaea	Psychrophiles	Archaea_Temperature	Methanolobus	Methanolobus psychrophilus		500000
141	GCA_000306765.2	GCA_000306765.2	Archaea	Thermophiles	Archaea_Temperature	Haloferax	Haloferax mediterranei	523841.0	500000
142	GCA_000317795.1	GCA_000317795.1	Archaea	Thermophiles	Archaea_Temperature	Caldisphaera	Caldisphaera lagunensis	1056495.0	500000
143	GCA_000327485.1	GCA_000327485.1	Archaea	Mesophiles	Archaea_Temperature	Methanoregula	Methanoregula formicica	593750.0	500000
144	GCA_000336615.1	GCA_000336615.1	Archaea	Thermophiles	Archaea_Temperature	Haloarcula	Haloarcula amylolytica	1227452.0	500000
145	GCA_000336755.1	GCA_000336755.1	Archaea	Thermophiles	Archaea_Temperature	Haloferax	Haloferax elongans	1230453.0	500000
146	GCA_000336895.1	GCA_000336895.1	Archaea	Mesophiles	Archaea_Temperature	Haloarcula	Haloarcula argentinensis	1230451.0	500000
147	GCA_000336935.1	GCA_000336935.1	Archaea	Mesophiles	Archaea_Temperature	Halococcus	Halococcus salifodinae	1227456.0	500001
148	GCA_000336995.1	GCA_000336995.1	Archaea	Thermophiles	Archaea_Temperature	Halorubrum	Halorubrum aidingense	1230454.0	500000
149	GCA_000337035.1	GCA_000337035.1	Archaea	Mesophiles	Archaea_Temperature	Halorubrum	Halorubrum coriense	1227466.0	500001
150	GCA_000337135.1	GCA_000337135.1	Archaea	Mesophiles	Archaea_Temperature	Natrialba	Natrialba chahannaoensis	1227492.0	500001
151	GCA_000337375.1	GCA_000337375.1	Archaea	Thermophiles	Archaea_Temperature	Halorubrum	Halorubrum lipolyticum	1227482.0	500001
152	GCA_000337475.1	GCA_000337475.1	Archaea	Thermophiles	Archaea_Temperature	Natrinema	Natrinema limicola	1230457.0	500001
153	GCA_000337555.1	GCA_000337555.1	Archaea	Mesophiles	Archaea_Temperature	Natrialba	Natrialba asiatica	29540.0	500001
154	GCA_000337575.1	GCA_000337575.1	Archaea	Mesophiles	Archaea_Temperature	Natrialba	Natrialba hulunbeirensis	1227493.0	500001
155	GCA_000337695.1	GCA_000337695.1	Archaea	Mesophiles	Archaea_Temperature	Natronococcus	Natronococcus jeotgali	1227498.0	500002
156	GCA_000337735.1	GCA_000337735.1	Archaea	Thermophiles	Archaea_Temperature	Natronorubrum	Natronorubrum sulfidifaciens	1230460.0	500001
157	GCA_000337775.1	GCA_000337775.1	Archaea	Thermophiles	Archaea_Temperature	Haloarcula	Haloarcula vallismortis	662477.0	500000
158	GCA_000337795.1	GCA_000337795.1	Archaea	Thermophiles	Archaea_Temperature	Haloferax	Haloferax denitrificans	662478.0	500001
159	GCA_000337815.1	GCA_000337815.1	Archaea	Thermophiles	Archaea_Temperature	Haloferax	Haloferax mucosum	662479.0	500000
160	GCA_000337915.1	GCA_000337915.1	Archaea	Thermophiles	Archaea_Temperature	Halorubrum	Halorubrum saccharovorum	1227484.0	500001
161	GCA_000338275.1	GCA_000338275.1	Bacteria	Mesophiles	Bacteria_Temperature	Staphylococcus	Staphylococcus xylosus_B	1288.0	500000
162	GCA_000344175.1	GCA_000344175.1	Bacteria	Mesophiles	Bacteria_Temperature	Listeria	Listeria fleischmannii	1430899.0	500003
163	GCA_000347775.1	GCA_000347775.1	Bacteria	Mesophiles	Bacteria_Temperature	Marinobacter	Marinobacter santoriniensis	1288826.0	500000
164	GCA_000364845.1	GCA_000364845.1	Bacteria	Mesophiles	Bacteria_Temperature	Marinobacter_A	Marinobacter_A nanhaiticus	626887.0	500000
165	GCA_000368025.1	GCA_000368025.1	Bacteria	Mesophiles	Bacteria_Temperature	Acinetobacter	Acinetobacter parvus	981333.0	500000
166	GCA_000368825.1	GCA_000368825.1	Bacteria	Mesophiles	Bacteria_Temperature	Acinetobacter	Acinetobacter ursingii	981336.0	500000
167	GCA_000369065.1	GCA_000369065.1	Bacteria	Mesophiles	Bacteria_Temperature	Acinetobacter	Acinetobacter haemolyticus	707232.0	500000
168	GCA_000373145.1	GCA_000373145.1	Bacteria	Thermophiles	Bacteria_Temperature	Thermus	Thermus oshimai	1123390.0	500001
169	GCA_000373205.1	GCA_000373205.1	Bacteria	Thermophiles	Bacteria_Temperature	Calidithermus	Calidithermus timidus	1122223.0	500000
170	GCA_000376225.1	GCA_000376225.1	Bacteria	Thermophiles	Bacteria_Temperature	Effusibacillus	Effusibacillus pohliae	1120973.0	500002
171	GCA_000376265.1	GCA_000376265.1	Bacteria	Thermophiles	Bacteria_Temperature	Thermus	Thermus igniterrae	1123388.0	500005
172	GCA_000376425.1	GCA_000376425.1	Bacteria	Thermophiles	Bacteria_Temperature	Thiobacillus	Thiobacillus denitrificans	1123392.0	500001
173	GCA_000378465.1	GCA_000378465.1	Bacteria	Thermophiles	Bacteria_Temperature	Elioraea	Elioraea tepidiphila	1121861.0	500001
174	GCA_000379085.1	GCA_000379085.1	Archaea	Mesophiles	Archaea_Temperature	Halomicrobium	Halomicrobium katesii	1069082.0	500000
175	GCA_000381045.1	GCA_000381045.1	Bacteria	Thermophiles	Bacteria_Temperature	Thermus	Thermus scotoductus	1123391.0	500003
176	GCA_000381745.1	GCA_000381745.1	Bacteria	Psychrophiles	Bacteria_Temperature	Psychromonas	Psychromonas ossibalaenae	1278307.0	500002
177	GCA_000382145.1	GCA_000382145.1	Bacteria	Psychrophiles	Bacteria_Temperature	Psychrobacter	Psychrobacter lutiphocae	1123033.0	500002
178	GCA_000419685.1	GCA_000419685.1	Bacteria	Psychrophiles	Bacteria_Temperature	Flavobacterium	Flavobacterium antarcticum	1111730.0	500000
179	GCA_000420245.1	GCA_000420245.1	Bacteria	Psychrophiles	Bacteria_Temperature	Psychromonas	Psychromonas hadalis	1278302.0	500009
180	GCA_000421625.1	GCA_000421625.1	Bacteria	Thermophiles	Bacteria_Temperature	Thermus	Thermus islandicus	1123389.0	500001
181	GCA_000421725.1	GCA_000421725.1	Bacteria	Thermophiles	Bacteria_Temperature	Caldicellulosiruptor	Caldicellulosiruptor acetigenus	1121259.0	500001
182	GCA_000423425.1	GCA_000423425.1	Bacteria	Thermophiles	Bacteria_Temperature	Meiothermus	Meiothermus rufus	604331.0	500006
183	GCA_000423905.1	GCA_000423905.1	Bacteria	Thermophiles	Bacteria_Temperature	Thermus	Thermus antranikianii	1123386.0	500001
184	GCA_000425165.1	GCA_000425165.1	Bacteria	Psychrophiles	Bacteria_Temperature	Photobacterium	Photobacterium halotolerans	1122959.0	500000
185	GCA_000425485.1	GCA_000425485.1	Bacteria	Psychrophiles	Bacteria_Temperature	Flavobacterium	Flavobacterium tegetincola	1121901.0	500001
186	GCA_000425505.1	GCA_000425505.1	Bacteria	Psychrophiles	Bacteria_Temperature	Flavobacterium	Flavobacterium frigidarium	1121890.0	500001
187	GCA_000428725.1	GCA_000428725.1	Bacteria	Psychrophiles	Bacteria_Temperature	Psychromonas	Psychromonas aquimarina	1278312.0	500001
188	GCA_000429345.1	GCA_000429345.1	Bacteria	Thermophiles	Bacteria_Temperature	Desulfovirgula	Desulfovirgula thermocuniculi	1121468.0	500003
189	GCA_000429525.1	GCA_000429525.1	Bacteria	Thermophiles	Bacteria_Temperature	Alicyclobacillus_A	Alicyclobacillus_A contaminans	1120971.0	500002
190	GCA_000430045.1	GCA_000430045.1	Bacteria	Thermophiles	Bacteria_Temperature	Calidithermus	Calidithermus chliarophilus	926560.0	500000
191	GCA_000430585.1	GCA_000430585.1	Bacteria	Thermophiles	Bacteria_Temperature	Alicyclobacillus_G	Alicyclobacillus_G herbarius	1120972.0	500001
192	GCA_000444055.1	GCA_000444055.1	Bacteria	Thermophiles	Bacteria_Temperature	Alicyclobacillus	Alicyclobacillus acidoterrestris	1450.0	500003
193	GCA_000446015.1	GCA_000446015.1	Archaea	Hyperthermophiles	Archaea_Temperature	Thermofilum_B	Thermofilum_B adornatum	1365176.0	500000
194	GCA_000455345.1	GCA_000455345.1	Archaea	Thermophiles	Archaea_Temperature	Halopiger_A	Halopiger_A goleimassiliensis	1293048.0	500000
195	GCA_000470655.1	GCA_000470655.1	Archaea	Mesophiles	Archaea_Temperature	Halorhabdus	Halorhabdus tiamatea	1033806.0	500000
196	GCA_000471625.1	GCA_000471625.1	Bacteria	Psychrophiles	Bacteria_Temperature	Psychrobacter	Psychrobacter aquaticus	1354303.0	500000
197	GCA_000472905.1	GCA_000472905.1	Bacteria	Thermophiles	Bacteria_Temperature	Alicyclobacillus_A	Alicyclobacillus_A pomorum	1111479.0	500001
198	GCA_000482725.1	GCA_000482725.1	Bacteria	Psychrophiles	Bacteria_Temperature	Psychromonas	Psychromonas arctica	1123036.0	500001
199	GCA_000482765.1	GCA_000482765.1	Bacteria	Thermophiles	Bacteria_Temperature	Meiothermus	Meiothermus taiwanensis	172827.0	500003
200	GCA_000504085.1	GCA_000504085.1	Bacteria	Thermophiles	Bacteria_Temperature	Pseudothermotoga_B	Pseudothermotoga_B elfii	416591.0	500000
201	GCA_000504205.1	GCA_000504205.1	Archaea	Mesophiles	Archaea_Temperature	Methanolobus	Methanolobus tindarius	1090322.0	500000
202	GCA_000507185.2	GCA_000507185.2	Bacteria	Hyperthermophiles	Bacteria_Temperature	Pseudomonas_E	Pseudomonas_E syringae	52001.0	500000
203	GCA_000508305.1	GCA_000508305.1	Archaea	Thermophiles	Archaea_Temperature	Sulfolobus	Sulfolobus acidocaldarius_A	2285.0	500000
204	GCA_000512735.1	GCA_000512735.1	Bacteria	Hyperthermophiles	Bacteria_Temperature	Thermocrinis	Thermocrinis ruber	75906.0	500000
205	GCA_000513315.1	GCA_000513315.1	Archaea	Mesophiles	Archaea_Temperature	Methanobrevibacter_C	Methanobrevibacter_C arboriphilus_A	39441.0	500000
206	GCA_000513855.1	GCA_000513855.1	Archaea	Hyperthermophiles	Archaea_Temperature	Desulfurococcus	Desulfurococcus amylolyticus	490899.0	500000
207	GCA_000518605.1	GCA_000518605.1	Bacteria	Mesophiles	Bacteria_Temperature	Shewanella	Shewanella fidelis	1336247.0	500000
208	GCA_000518705.1	GCA_000518705.1	Bacteria	Mesophiles	Bacteria_Temperature	Shewanella	Shewanella colwelliana	1336240.0	500001
209	GCA_000518805.1	GCA_000518805.1	Bacteria	Mesophiles	Bacteria_Temperature	Shewanella	Shewanella waksmanii	1336233.0	500001
210	GCA_000525795.1	GCA_000525795.1	Bacteria	Mesophiles	Bacteria_Temperature	Listeria	Listeria aquatica	1265818.0	500001
211	GCA_000525875.1	GCA_000525875.1	Bacteria	Mesophiles	Bacteria_Temperature	Listeria	Listeria floridensis	1265817.0	500001
212	GCA_000525975.1	GCA_000525975.1	Bacteria	Mesophiles	Bacteria_Temperature	Listeria_A	Listeria_A rocourtiae	647910.0	500002
213	GCA_000525995.1	GCA_000525995.1	Bacteria	Mesophiles	Bacteria_Temperature	Listeria_A	Listeria_A riparia	1265816.0	500000
214	GCA_000585495.1	GCA_000585495.1	Archaea	Hyperthermophiles	Archaea_Temperature	Thermococcus	Thermococcus nautili	195522.0	500000
215	GCA_000591035.1	GCA_000591035.1	Archaea	Hyperthermophiles	Archaea_Temperature	Aeropyrum	Aeropyrum camini	1198449.0	500000
216	GCA_000614975.1	GCA_000614975.1	Bacteria	Psychrophiles	Bacteria_Temperature	Shewanella	Shewanella marina	1236542.0	500001
217	GCA_000620065.1	GCA_000620065.1	Bacteria	Thermophiles	Bacteria_Temperature	Meiothermus	Meiothermus cerbereus	1122221.0	500002
218	GCA_000632495.1	GCA_000632495.1	Archaea	Thermophiles	Archaea_Temperature	Acidianus	Acidianus copahuensis	1160895.0	500001
219	GCA_000632715.1	GCA_000632715.1	Bacteria	Thermophiles	Bacteria_Temperature	Saccharococcus	Saccharococcus caldoxylosilyticus	81408.0	500003
220	GCA_000690595.2	GCA_000690595.2	Archaea	Thermophiles	Archaea_Temperature	Natrinema	Natrinema mahii	1416969.0	500000
221	GCA_000698785.1	GCA_000698785.1	Archaea	Mesophiles	Archaea_Temperature	Nitrososphaera	Nitrososphaera viennensis	926571.0	500000
222	GCA_000702485.1	GCA_000702485.1	Bacteria	Thermophiles	Bacteria_Temperature	Alicyclobacillus_H	Alicyclobacillus_H macrosporangiidus_B	392015.0	500000
223	GCA_000709345.1	GCA_000709345.1	Bacteria	Psychrophiles	Bacteria_Temperature	Polaromonas	Polaromonas glacialis	866564.0	500000
224	GCA_000711215.1	GCA_000711215.1	Archaea	Mesophiles	Archaea_Temperature	Methanomicrobium	Methanomicrobium mobile	694440.0	500001
225	GCA_000725425.1	GCA_000725425.1	Archaea	Thermophiles	Archaea_Temperature	Palaeococcus	Palaeococcus pacificus	1343739.0	500000
226	GCA_000739065.1	GCA_000739065.1	Archaea	Hyperthermophiles	Archaea_Temperature	Methanocaldococcus	Methanocaldococcus bathoardescens		500000
227	GCA_000742895.1	GCA_000742895.1	Bacteria	Mesophiles	Bacteria_Temperature	Bacillus_A	Bacillus_A anthracis	572264.0	500000
228	GCA_000744175.1	GCA_000744175.1	Bacteria	Thermophiles	Bacteria_Temperature	Thermus	Thermus tengchongensis	1214928.0	500000
229	GCA_000744885.1	GCA_000744885.1	Bacteria	Thermophiles	Bacteria_Temperature	Thermus	Thermus amyloliquefaciens	1449080.0	500000
230	GCA_000745065.1	GCA_000745065.1	Bacteria	Thermophiles	Bacteria_Temperature	Thermus	Thermus caliditerrae	1330700.0	500000
231	GCA_000753795.1	GCA_000753795.1	Bacteria	Psychrophiles	Bacteria_Temperature	Shewanella	Shewanella mangrovi	1515746.0	500000
232	GCA_000759775.1	GCA_000759775.1	Bacteria	Mesophiles	Bacteria_Temperature	Escherichia	Escherichia albertii	910238.0	500005
233	GCA_000763575.1	GCA_000763575.1	Bacteria	Thermophiles	Bacteria_Temperature	Thermoanaerobacter	Thermoanaerobacter kivui	2325.0	500000
234	GCA_000766145.1	GCA_000766145.1	Bacteria	Mesophiles	Bacteria_Temperature	Listeria_A	Listeria_A newyorkensis	1497681.0	500000
235	GCA_000766865.1	GCA_000766865.1	Bacteria	Mesophiles	Bacteria_Temperature	Listeria_A	Listeria_A booriae	1552123.0	500000
236	GCA_000769655.1	GCA_000769655.1	Archaea	Hyperthermophiles	Archaea_Temperature	Thermococcus	Thermococcus eurythermalis	1505907.0	500000
237	GCA_000771745.2	GCA_000771745.2	Bacteria	Thermophiles	Bacteria_Temperature	Thermus_A	Thermus_A filiformis	276.0	500000
238	GCA_000784355.1	GCA_000784355.1	Archaea	Mesophiles	Archaea_Temperature	Methanolacinia	Methanolacinia paynteri	694436.0	500001
239	GCA_000785785.1	GCA_000785785.1	Bacteria	Mesophiles	Bacteria_Temperature	Streptococcus	Streptococcus uberis_A	1349.0	500003
240	GCA_000789255.1	GCA_000789255.1	Archaea	Hyperthermophiles	Archaea_Temperature	Geoglobus	Geoglobus acetivorans	565033.0	500000
241	GCA_000816085.1	GCA_000816085.1	Bacteria	Mesophiles	Bacteria_Temperature	Staphylococcus	Staphylococcus hyicus	1284.0	500000
242	GCA_000816105.1	GCA_000816105.1	Archaea	Hyperthermophiles	Archaea_Temperature	Thermococcus	Thermococcus guaymasensis	1432656.0	500000
243	GCA_000816145.1	GCA_000816145.1	Bacteria	Thermophiles	Bacteria_Temperature	Pseudothermotoga_A	Pseudothermotoga_A hypogea	1123384.0	500000
244	GCA_000828575.1	GCA_000828575.1	Archaea	Thermophiles	Archaea_Temperature	Methanothermobacter	Methanothermobacter sp000828575	866790.0	500000
245	GCA_000828655.1	GCA_000828655.1	Bacteria	Thermophiles	Bacteria_Temperature	Pseudothermotoga_A	Pseudothermotoga_A caldifontis	1408159.0	500000
246	GCA_000828675.1	GCA_000828675.1	Bacteria	Thermophiles	Bacteria_Temperature	Pseudothermotoga_B	Pseudothermotoga_B profunda	1408160.0	500000
247	GCA_000831005.1	GCA_000831005.1	Bacteria	Mesophiles	Bacteria_Temperature	Marinobacter	Marinobacter salarius	1420917.0	500000
248	GCA_000833605.1	GCA_000833605.1	Bacteria	Thermophiles	Bacteria_Temperature	Anoxybacillus	Anoxybacillus ayderensis	265546.0	500001
249	GCA_000875775.1	GCA_000875775.1	Archaea	Mesophiles	Archaea_Temperature	Nitrosopumilus	Nitrosopumilus piranensis	1582439.0	500000
250	GCA_000875895.1	GCA_000875895.1	Bacteria	Mesophiles	Bacteria_Temperature	Staphylococcus	Staphylococcus gallinarum	1293.0	500000
251	GCA_000934465.1	GCA_000934465.1	Bacteria	Mesophiles	Bacteria_Temperature	Staphylococcus	Staphylococcus microti	569857.0	500003
252	GCA_000953475.1	GCA_000953475.1	Bacteria	Thermophiles	Bacteria_Temperature	Methylacidiphilum	Methylacidiphilum fumariolicum	591154.0	500000
253	GCA_000953735.1	GCA_000953735.1	Bacteria	Psychrophiles	Bacteria_Temperature	Moritella	Moritella viscosa	80854.0	500000
254	GCA_000955725.1	GCA_000955725.1	Bacteria	Thermophiles	Bacteria_Temperature	Caldicellulosiruptor	Caldicellulosiruptor danielii	1387557.0	500000
255	GCA_000955735.1	GCA_000955735.1	Bacteria	Thermophiles	Bacteria_Temperature	Caldicellulosiruptor	Caldicellulosiruptor naganoensis	1387569.0	500000
256	GCA_000955745.1	GCA_000955745.1	Bacteria	Thermophiles	Bacteria_Temperature	Caldicellulosiruptor	Caldicellulosiruptor morganii	1387555.0	500000
257	GCA_000956175.1	GCA_000956175.1	Archaea	Mesophiles	Archaea_Temperature	Nitrosopumilus	Nitrosopumilus adriaticus	1580092.0	500000
258	GCA_000966265.1	GCA_000966265.1	Archaea	Hyperthermophiles	Archaea_Temperature	Palaeococcus	Palaeococcus ferrophilus	588319.0	500001
259	GCA_000967895.1	GCA_000967895.1	Bacteria	Psychrophiles	Bacteria_Temperature	Oleispira	Oleispira antarctica	698738.0	500000
260	GCA_000969885.1	GCA_000969885.1	Archaea	Thermophiles	Archaea_Temperature	Methanosarcina	Methanosarcina thermophila	523844.0	500000
261	GCA_000969905.1	GCA_000969905.1	Archaea	Mesophiles	Archaea_Temperature	Methanosarcina	Methanosarcina vacuolata	1434123.0	500000
262	GCA_000970085.1	GCA_000970085.1	Archaea	Mesophiles	Archaea_Temperature	Methanosarcina	Methanosarcina siciliae	1434118.0	500000
263	GCA_000970205.1	GCA_000970205.1	Archaea	Mesophiles	Archaea_Temperature	Methanosarcina	Methanosarcina mazei	192952.0	500000
264	GCA_000970265.1	GCA_000970265.1	Archaea	Psychrophiles	Archaea_Temperature	Methanosarcina	Methanosarcina lacustris	1434111.0	500000
265	GCA_000970285.1	GCA_000970285.1	Archaea	Mesophiles	Archaea_Temperature	Methanosarcina	Methanosarcina horonobensis	1434110.0	500000
266	GCA_000982825.1	GCA_000982825.1	Bacteria	Mesophiles	Bacteria_Temperature	Cronobacter	Cronobacter sakazakii	1208592.0	500000
267	GCA_001006045.1	GCA_001006045.1	Archaea	Hyperthermophiles	Archaea_Temperature	Geoglobus	Geoglobus ahangari	113653.0	500000
268	GCA_001006765.1	GCA_001006765.1	Bacteria	Mesophiles	Bacteria_Temperature	Staphylococcus	Staphylococcus succinus	61015.0	500001
269	GCA_001017125.1	GCA_001017125.1	Archaea	Mesophiles	Archaea_Temperature	Methanoculleus	Methanoculleus sediminis	1550566.0	500000
270	GCA_001027105.1	GCA_001027105.1	Bacteria	Mesophiles	Bacteria_Temperature	Staphylococcus	Staphylococcus aureus	1280.0	500000
271	GCA_001043175.1	GCA_001043175.1	Bacteria	Psychrophiles	Bacteria_Temperature	Marinobacter	Marinobacter psychrophilus	330734.0	500000
272	GCA_001077885.1	GCA_001077885.1	Bacteria	Psychrophiles	Bacteria_Temperature	Photobacterium	Photobacterium swingsii	680026.0	500000
273	GCA_001189275.1	GCA_001189275.1	Archaea	Thermophiles	Archaea_Temperature	Pyrobaculum	Pyrobaculum sp001189275	1227555.0	500000
274	GCA_001267405.1	GCA_001267405.1	Bacteria	Thermophiles	Bacteria_Temperature	Moorella	Moorella thermoacetica	1325331.0	500000
275	GCA_001277175.1	GCA_001277175.1	Bacteria	Mesophiles	Bacteria_Temperature	Cronobacter	Cronobacter universalis	1074000.0	500000
276	GCA_001277195.1	GCA_001277195.1	Bacteria	Mesophiles	Bacteria_Temperature	Cronobacter	Cronobacter muytjensii	1159613.0	500000
277	GCA_001277215.2	GCA_001277215.2	Bacteria	Mesophiles	Bacteria_Temperature	Cronobacter	Cronobacter malonaticus	413503.0	500000
278	GCA_001277235.1	GCA_001277235.1	Bacteria	Mesophiles	Bacteria_Temperature	Cronobacter	Cronobacter dublinensis	1208656.0	500000
279	GCA_001277255.1	GCA_001277255.1	Bacteria	Mesophiles	Bacteria_Temperature	Cronobacter	Cronobacter condimenti	1073999.0	500000
280	GCA_001280255.1	GCA_001280255.1	Bacteria	Thermophiles	Bacteria_Temperature	Thermus	Thermus aquaticus	271.0	500000
281	GCA_001280565.1	GCA_001280565.1	Bacteria	Thermophiles	Bacteria_Temperature	Sulfobacillus	Sulfobacillus thermosulfidooxidans_A	28034.0	500000
282	GCA_001294625.1	GCA_001294625.1	Bacteria	Psychrophiles	Bacteria_Temperature	Specibacter	Specibacter alpinus_A	656366.0	500000
283	GCA_001295365.1	GCA_001295365.1	Bacteria	Thermophiles	Bacteria_Temperature	Parageobacillus	Parageobacillus thermoglucosidasius	1136178.0	500000
284	GCA_001298525.1	GCA_001298525.1	Bacteria	Psychrophiles	Bacteria_Temperature	Psychrobacter	Psychrobacter urativorans_A	45610.0	500000
285	GCA_001310975.1	GCA_001310975.1	Bacteria	Thermophiles	Bacteria_Temperature	Thermoanaerobacter	Thermoanaerobacter thermocopriae	580331.0	500003
286	GCA_001375655.1	GCA_001375655.1	Bacteria	Mesophiles	Bacteria_Temperature	Streptococcus	Streptococcus varani	1608583.0	500000
287	GCA_001411745.2	GCA_001411745.2	Bacteria	Psychrophiles	Bacteria_Temperature	Psychrobacter	Psychrobacter glacincola_A	56810.0	500000
288	GCA_001412615.1	GCA_001412615.1	Archaea	Hyperthermophiles	Archaea_Temperature	Pyrodictium	Pyrodictium delaneyi	1273541.0	500000
289	GCA_001444505.1	GCA_001444505.1	Bacteria	Psychrophiles	Bacteria_Temperature	Psychrobacter	Psychrobacter piscatorii	554343.0	500004
290	GCA_001445575.1	GCA_001445575.1	Bacteria	Psychrophiles	Bacteria_Temperature	Specibacter	Specibacter alpinus_C	656366.0	500000
291	GCA_001447355.1	GCA_001447355.1	Bacteria	Thermophiles	Bacteria_Temperature	Alicyclobacillus	Alicyclobacillus tengchongensis	368812.0	500001
292	GCA_001462395.1	GCA_001462395.1	Archaea	Hyperthermophiles	Archaea_Temperature	Pyrodictium	Pyrodictium occultum	2309.0	500000
293	GCA_001481685.1	GCA_001481685.1	Archaea	Hyperthermophiles	Archaea_Temperature	Ignicoccus	Ignicoccus islandicus	54259.0	500000
294	GCA_001484195.1	GCA_001484195.1	Archaea	Hyperthermophiles	Archaea_Temperature	Thermococcus	Thermococcus celericrescens	2598455.0	500004
295	GCA_001500315.1	GCA_001500315.1	Bacteria	Mesophiles	Bacteria_Temperature	Staphylococcus	Staphylococcus auricularis	29379.0	500001
296	GCA_001509375.1	GCA_001509375.1	Archaea	Mesophiles	Archaea_Temperature	Methanothrix_A	Methanothrix_A harundinacea_D	1110509.0	500007
297	GCA_001516585.1	GCA_001516585.1	Archaea	Thermophiles	Archaea_Temperature	Thermocladium	Thermocladium sp001516585	1714261.0	500011
298	GCA_001535545.1	GCA_001535545.1	Bacteria	Hyperthermophiles	Bacteria_Temperature	Thermus	Thermus parvatiensis	456163.0	500000
299	GCA_001542905.1	GCA_001542905.1	Archaea	Mesophiles	Archaea_Temperature	Halorubrum	Halorubrum aethiopicum	1758255.0	500000
300	GCA_001544255.1	GCA_001544255.1	Bacteria	Mesophiles	Bacteria_Temperature	Enterococcus_B	Enterococcus_B faecium	1442605.0	500001
301	GCA_001544355.1	GCA_001544355.1	Bacteria	Thermophiles	Bacteria_Temperature	Alicyclobacillus	Alicyclobacillus acidiphilus	1255277.0	500003
302	GCA_001552255.1	GCA_001552255.1	Bacteria	Thermophiles	Bacteria_Temperature	Alicyclobacillus_G	Alicyclobacillus_G shizuokensis	1220573.0	500002
303	GCA_001552655.1	GCA_001552655.1	Bacteria	Thermophiles	Bacteria_Temperature	Alicyclobacillus_G	Alicyclobacillus_G kakegawensis	1220571.0	500001
304	GCA_001552675.1	GCA_001552675.1	Bacteria	Thermophiles	Bacteria_Temperature	Alicyclobacillus	Alicyclobacillus sendaiensis	1220572.0	500005
305	GCA_001562115.1	GCA_001562115.1	Bacteria	Psychrophiles	Bacteria_Temperature	Alteromonas	Alteromonas stellipolaris	233316.0	500000
306	GCA_001570745.1	GCA_001570745.1	Bacteria	Thermophiles	Bacteria_Temperature	Alicyclobacillus	Alicyclobacillus mali	1314748.0	500001
307	GCA_001571405.1	GCA_001571405.1	Archaea	Thermophiles	Archaea_Temperature	Methanoculleus	Methanoculleus thermophilus	2200.0	500000
308	GCA_001592435.1	GCA_001592435.1	Archaea	Thermophiles	Archaea_Temperature	Thermococcus	Thermococcus peptonophilus	53952.0	500000
309	GCA_001594015.1	GCA_001594015.1	Bacteria	Thermophiles	Bacteria_Temperature	Moorella	Moorella mulderi	1122241.0	500000
310	GCA_001598235.1	GCA_001598235.1	Bacteria	Psychrophiles	Bacteria_Temperature	Polaromonas	Polaromonas jejuensis	1321608.0	500000
311	GCA_001602375.1	GCA_001602375.1	Archaea	Mesophiles	Archaea_Temperature	Methanoculleus	Methanoculleus horonobensis	528314.0	500000
312	GCA_001606025.1	GCA_001606025.1	Bacteria	Psychrophiles	Bacteria_Temperature	Psychrobacter	Psychrobacter alimentarius_A	261164.0	500000
313	GCA_001634285.1	GCA_001634285.1	Bacteria	Thermophiles	Bacteria_Temperature	Anoxybacillus_A	Anoxybacillus_A amylolyticus	294699.0	500000
314	GCA_001639275.1	GCA_001639275.1	Archaea	Mesophiles	Archaea_Temperature	Methanobrevibacter_A	Methanobrevibacter_A oralis	1415626.0	500004
315	GCA_001640115.1	GCA_001640115.1	Bacteria	Psychrophiles	Bacteria_Temperature	Polaribacter	Polaribacter atrinae	1333662.0	500001
316	GCA_001644665.1	GCA_001644665.1	Bacteria	Thermophiles	Bacteria_Temperature	Fervidobacterium	Fervidobacterium pennivorans_A	93466.0	500000
317	GCA_001647085.1	GCA_001647085.1	Archaea	Hyperthermophiles	Archaea_Temperature	Thermococcus	Thermococcus piezophilus	1712654.0	500000
318	GCA_001679725.1	GCA_001679725.1	Bacteria	Psychrophiles	Bacteria_Temperature	Cryobacterium	Cryobacterium arcticum_A	670052.0	500000
319	GCA_001708385.1	GCA_001708385.1	Bacteria	Psychrophiles	Bacteria_Temperature	Flavobacterium	Flavobacterium psychrophilum_A	96345.0	500000
320	GCA_001719065.1	GCA_001719065.1	Bacteria	Thermophiles	Bacteria_Temperature	Fervidobacterium_A	Fervidobacterium_A thailandense	1008305.0	500001
321	GCA_001719125.1	GCA_001719125.1	Archaea	Thermophiles	Archaea_Temperature	Saccharolobus	Saccharolobus sp001719125	1891280.0	500000
322	GCA_001748385.1	GCA_001748385.1	Archaea	Hyperthermophiles	Archaea_Temperature	Vulcanisaeta_B	Vulcanisaeta_B thermophila	867917.0	500000
323	GCA_001761365.1	GCA_001761365.1	Bacteria	Psychrophiles	Bacteria_Temperature	Polaribacter	Polaribacter vadi	1774273.0	500000
324	GCA_001792775.2	GCA_001792775.2	Bacteria	Mesophiles	Bacteria_Temperature	Staphylococcus	Staphylococcus pseudintermedius	283734.0	500001
325	GCA_001880325.1	GCA_001880325.1	Bacteria	Thermophiles	Bacteria_Temperature	Thermus	Thermus brockianus	56956.0	500000
326	GCA_001889405.1	GCA_001889405.1	Archaea	Mesophiles	Archaea_Temperature	Methanohalophilus	Methanohalophilus halophilus	2177.0	500000
327	GCA_001939735.1	GCA_001939735.1	Bacteria	Psychrophiles	Bacteria_Temperature	Photobacterium	Photobacterium proteolyticum	1903952.0	500001
328	GCA_001950255.1	GCA_001950255.1	Bacteria	Thermophiles	Bacteria_Temperature	Carboxydothermus	Carboxydothermus pertinax	870242.0	500001
329	GCA_001950325.1	GCA_001950325.1	Bacteria	Thermophiles	Bacteria_Temperature	Carboxydothermus	Carboxydothermus islandicus	661089.0	500002
330	GCA_001953745.1	GCA_001953745.1	Archaea	Thermophiles	Archaea_Temperature	Natrinema	Natrinema saccharevitans	301967.0	500000
331	GCA_001971705.1	GCA_001971705.1	Archaea	Mesophiles	Archaea_Temperature	Natronorubrum	Natronorubrum daqingense	588898.0	500000
332	GCA_001975665.1	GCA_001975665.1	Bacteria	Psychrophiles	Bacteria_Temperature	Polaribacter	Polaribacter reichenbachii	996801.0	500000
333	GCA_002005305.1	GCA_002005305.1	Bacteria	Psychrophiles	Bacteria_Temperature	Shewanella	Shewanella psychrophila	225848.0	500000
334	GCA_002072215.1	GCA_002072215.1	Archaea	Mesophiles	Archaea_Temperature	Methanobrevibacter_C	Methanobrevibacter_C arboriphilus	39441.0	500001
335	GCA_002075795.1	GCA_002075795.1	Bacteria	Mesophiles	Bacteria_Temperature	Shewanella	Shewanella japonica	93973.0	500000
336	GCA_002094855.1	GCA_002094855.1	Bacteria	Psychrophiles	Bacteria_Temperature	Zunongwangia	Zunongwangia atlantica	1185767.0	500000
337	GCA_002116695.1	GCA_002116695.1	Archaea	Hyperthermophiles	Archaea_Temperature	Acidianus	Acidianus manzaensis	282676.0	500000
338	GCA_002153915.1	GCA_002153915.1	Archaea	Thermophiles	Archaea_Temperature	Methanonatronarchaeum	Methanonatronarchaeum thermophilum	1927129.0	500000
339	GCA_002201895.1	GCA_002201895.1	Archaea	Hyperthermophiles	Archaea_Temperature	Methanopyrus	Methanopyrus sp002201895	1937004.0	500000
340	GCA_002214365.1	GCA_002214365.1	Archaea	Hyperthermophiles	Archaea_Temperature	Thermococcus	Thermococcus celer	1293037.0	500000
341	GCA_002214385.1	GCA_002214385.1	Archaea	Thermophiles	Archaea_Temperature	Thermococcus	Thermococcus gorgonarius	71997.0	500000
342	GCA_002214465.1	GCA_002214465.1	Archaea	Hyperthermophiles	Archaea_Temperature	Thermococcus	Thermococcus barossii	54077.0	500000
343	GCA_002214485.1	GCA_002214485.1	Archaea	Thermophiles	Archaea_Temperature	Thermococcus	Thermococcus pacificus	71998.0	500000
344	GCA_002214545.1	GCA_002214545.1	Archaea	Hyperthermophiles	Archaea_Temperature	Thermococcus	Thermococcus thioreducens	277988.0	500000
345	GCA_002214565.1	GCA_002214565.1	Archaea	Hyperthermophiles	Archaea_Temperature	Thermococcus	Thermococcus radiotolerans	187880.0	500000
346	GCA_002214605.1	GCA_002214605.1	Archaea	Hyperthermophiles	Archaea_Temperature	Pyrococcus	Pyrococcus chitonophagus	54262.0	500000
347	GCA_002215585.1	GCA_002215585.1	Bacteria	Psychrophiles	Bacteria_Temperature	Shewanella	Shewanella marisflavi	260364.0	500000
348	GCA_002217405.1	GCA_002217405.1	Bacteria	Psychrophiles	Bacteria_Temperature	Flavobacterium	Flavobacterium psychrophilum	96345.0	500002
349	GCA_002243045.1	GCA_002243045.1	Archaea	Psychrophiles	Archaea_Temperature	Methanolobus	Methanolobus psychrotolerans	1874706.0	500002
350	GCA_002287235.1	GCA_002287235.1	Archaea	Mesophiles	Archaea_Temperature	Methanosarcina	Methanosarcina spelaei	1036679.0	500007
351	GCA_002355215.1	GCA_002355215.1	Bacteria	Mesophiles	Bacteria_Temperature	Streptococcus	Streptococcus troglodytae	1111760.0	500000
352	GCA_002355995.1	GCA_002355995.1	Bacteria	Thermophiles	Bacteria_Temperature	Thermus	Thermus thermophilus_C	274.0	500000
353	GCA_002502785.1	GCA_002502785.1	Archaea	Mesophiles	Archaea_Temperature	Methanothrix_A	Methanothrix_A harundinacea_A	1110509.0	500007
354	GCA_002503885.1	GCA_002503885.1	Archaea	Mesophiles	Archaea_Temperature	Methanoculleus	Methanoculleus marisnigri_B	368407.0	500009
355	GCA_002506535.1	GCA_002506535.1	Archaea	Mesophiles	Archaea_Temperature	Methanothrix_A	Methanothrix_A harundinacea_B	1110509.0	500002
356	GCA_002572525.1	GCA_002572525.1	Archaea	Thermophiles	Archaea_Temperature	Natrinema	Natrinema sp002572525	1608465.0	500000
357	GCA_002732165.1	GCA_002732165.1	Bacteria	Mesophiles	Bacteria_Temperature	Staphylococcus	Staphylococcus xylosus	1288.0	500000
358	GCA_002754935.1	GCA_002754935.1	Bacteria	Thermophiles	Bacteria_Temperature	Synechococcus_A	Synechococcus_A lividus	1917166.0	500000
359	GCA_002761295.1	GCA_002761295.1	Archaea	Mesophiles	Archaea_Temperature	Methanohalophilus	Methanohalophilus portucalensis	523843.0	500000
360	GCA_002777975.1	GCA_002777975.1	Bacteria	Mesophiles	Bacteria_Temperature	Shewanella	Shewanella carassii	1987584.0	500000
361	GCA_002813695.1	GCA_002813695.1	Archaea	Mesophiles	Archaea_Temperature	Methanobacterium	Methanobacterium subterraneum	59277.0	500000
362	GCA_002849605.1	GCA_002849605.1	Bacteria	Psychrophiles	Bacteria_Temperature	Photobacterium	Photobacterium carnosum	2023717.0	500000
363	GCA_002900365.1	GCA_002900365.1	Bacteria	Mesophiles	Bacteria_Temperature	Escherichia	Escherichia marmotae	1499973.0	500000
364	GCA_002901705.1	GCA_002901705.1	Bacteria	Mesophiles	Bacteria_Temperature	Staphylococcus	Staphylococcus lugdunensis	904354.0	500000
365	GCA_002901825.1	GCA_002901825.1	Bacteria	Mesophiles	Bacteria_Temperature	Mammaliicoccus	Mammaliicoccus sciuri	1296.0	500001
366	GCA_002901845.1	GCA_002901845.1	Bacteria	Mesophiles	Bacteria_Temperature	Staphylococcus	Staphylococcus hominis	1290.0	500000
367	GCA_002901865.1	GCA_002901865.1	Bacteria	Mesophiles	Bacteria_Temperature	Staphylococcus	Staphylococcus agnetis	985762.0	500003
368	GCA_002901945.1	GCA_002901945.1	Bacteria	Mesophiles	Bacteria_Temperature	Staphylococcus	Staphylococcus chromogenes	46126.0	500004
369	GCA_002902235.1	GCA_002902235.1	Bacteria	Mesophiles	Bacteria_Temperature	Staphylococcus	Staphylococcus ureilyticus	94138.0	500005
370	GCA_002902265.1	GCA_002902265.1	Bacteria	Mesophiles	Bacteria_Temperature	Mammaliicoccus	Mammaliicoccus vitulinus	71237.0	500007
371	GCA_002902285.1	GCA_002902285.1	Bacteria	Mesophiles	Bacteria_Temperature	Staphylococcus	Staphylococcus simulans	1286.0	500002
372	GCA_002902305.1	GCA_002902305.1	Bacteria	Mesophiles	Bacteria_Temperature	Staphylococcus	Staphylococcus argensis	1607738.0	500000
373	GCA_002902325.1	GCA_002902325.1	Bacteria	Mesophiles	Bacteria_Temperature	Staphylococcus	Staphylococcus capitis	904334.0	500000
374	GCA_002902345.1	GCA_002902345.1	Bacteria	Mesophiles	Bacteria_Temperature	Staphylococcus	Staphylococcus arlettae	29378.0	500000
375	GCA_002902385.1	GCA_002902385.1	Bacteria	Mesophiles	Bacteria_Temperature	Staphylococcus	Staphylococcus intermedius	1285.0	500001
376	GCA_002902405.1	GCA_002902405.1	Bacteria	Mesophiles	Bacteria_Temperature	Staphylococcus	Staphylococcus schweitzeri	1654388.0	500002
377	GCA_002902625.1	GCA_002902625.1	Bacteria	Mesophiles	Bacteria_Temperature	Staphylococcus	Staphylococcus devriesei	586733.0	500005
378	GCA_002902685.1	GCA_002902685.1	Bacteria	Mesophiles	Bacteria_Temperature	Staphylococcus	Staphylococcus pettenkoferi	170573.0	500004
379	GCA_002902725.1	GCA_002902725.1	Bacteria	Mesophiles	Bacteria_Temperature	Staphylococcus	Staphylococcus caprae	29380.0	500003
380	GCA_002902755.1	GCA_002902755.1	Bacteria	Mesophiles	Bacteria_Temperature	Mammaliicoccus	Mammaliicoccus lentus	42858.0	500002
381	GCA_002909375.1	GCA_002909375.1	Bacteria	Psychrophiles	Bacteria_Temperature	Cryobacterium	Cryobacterium zongtaii	1259217.0	500000
382	GCA_002909445.1	GCA_002909445.1	Bacteria	Psychrophiles	Bacteria_Temperature	Specibacter	Specibacter glacialis	1664.0	500000
383	GCA_002945325.1	GCA_002945325.1	Archaea	Mesophiles	Archaea_Temperature	Methanococcus	Methanococcus maripaludis	267377.0	500000
384	GCA_002954225.1	GCA_002954225.1	Bacteria	Psychrophiles	Bacteria_Temperature	Arthrobacter_D	Arthrobacter_D ruber	1258893.0	500000
385	GCA_002954245.1	GCA_002954245.1	Bacteria	Psychrophiles	Bacteria_Temperature	Cryobacterium	Cryobacterium aureum	995037.0	500000
386	GCA_002954455.1	GCA_002954455.1	Bacteria	Psychrophiles	Bacteria_Temperature	Photobacterium	Photobacterium aquimaris	512643.0	500000
387	GCA_002954665.1	GCA_002954665.1	Bacteria	Psychrophiles	Bacteria_Temperature	Polaribacter	Polaribacter glomeratus	102.0	500000
388	GCA_002954685.1	GCA_002954685.1	Bacteria	Psychrophiles	Bacteria_Temperature	Polaribacter	Polaribacter porphyrae	1137780.0	500000
389	GCA_002964845.1	GCA_002964845.1	Bacteria	Thermophiles	Bacteria_Temperature	Thermus	Thermus tenuipuniceus	2078690.0	500004
390	GCA_002994445.1	GCA_002994445.1	Bacteria	Mesophiles	Bacteria_Temperature	Staphylococcus	Staphylococcus simulans_B	1286.0	500000
391	GCA_002995755.1	GCA_002995755.1	Bacteria	Thermophiles	Bacteria_Temperature	Moorella	Moorella humiferrea	676965.0	500002
392	GCA_002995805.1	GCA_002995805.1	Bacteria	Thermophiles	Bacteria_Temperature	Moorella	Moorella stamsii	1266720.0	500002
393	GCA_003012915.1	GCA_003012915.1	Bacteria	Mesophiles	Bacteria_Temperature	Staphylococcus	Staphylococcus felis	46127.0	500000
394	GCA_003019255.1	GCA_003019255.1	Bacteria	Mesophiles	Bacteria_Temperature	Staphylococcus	Staphylococcus kloosii	29384.0	500000
395	GCA_003019275.1	GCA_003019275.1	Bacteria	Mesophiles	Bacteria_Temperature	Staphylococcus	Staphylococcus muscae	1294.0	500000
396	GCA_003025615.1	GCA_003025615.1	Bacteria	Psychrophiles	Bacteria_Temperature	Photobacterium	Photobacterium frigidiphilum	264736.0	500001
397	GCA_003026285.1	GCA_003026285.1	Bacteria	Psychrophiles	Bacteria_Temperature	Photobacterium	Photobacterium profundum	314280.0	500000
398	GCA_003026355.1	GCA_003026355.1	Bacteria	Psychrophiles	Bacteria_Temperature	Photobacterium	Photobacterium kishitanii	318456.0	500001
399	GCA_003026395.1	GCA_003026395.1	Bacteria	Psychrophiles	Bacteria_Temperature	Photobacterium	Photobacterium iliopiscarium	56192.0	500000
400	GCA_003026475.1	GCA_003026475.1	Bacteria	Psychrophiles	Bacteria_Temperature	Photobacterium	Photobacterium lipolyticum	266810.0	500000
401	GCA_003026815.1	GCA_003026815.1	Bacteria	Psychrophiles	Bacteria_Temperature	Photobacterium	Photobacterium damselae	38293.0	500000
402	GCA_003035445.1	GCA_003035445.1	Bacteria	Mesophiles	Bacteria_Temperature	Staphylococcus	Staphylococcus devriesei_A	586733.0	500002
403	GCA_003043455.1	GCA_003043455.1	Bacteria	Mesophiles	Bacteria_Temperature	Staphylococcus	Staphylococcus simulans_A	1286.0	500006
404	GCA_003057965.1	GCA_003057965.1	Bacteria	Thermophiles	Bacteria_Temperature	Thermodesulfobium	Thermodesulfobium acidiphilum	1794699.0	500000
405	GCA_003097355.1	GCA_003097355.1	Bacteria	Psychrophiles	Bacteria_Temperature	Arthrobacter_I	Arthrobacter_I sp003097355	2703675.0	500000
406	GCA_003148585.1	GCA_003148585.1	Bacteria	Psychrophiles	Bacteria_Temperature	Psychrobacter	Psychrobacter immobilis	498.0	500001
407	GCA_003173335.1	GCA_003173335.1	Archaea	Psychrophiles	Archaea_Temperature	Methanospirillum	Methanospirillum stamsii	1277351.0	500002
408	GCA_003185895.1	GCA_003185895.1	Bacteria	Psychrophiles	Bacteria_Temperature	Cryobacterium	Cryobacterium arcticum	670052.0	500000
409	GCA_003185915.1	GCA_003185915.1	Bacteria	Psychrophiles	Bacteria_Temperature	Specibacter	Specibacter psychrochitiniphilus	291045.0	500000
410	GCA_003201675.2	GCA_003201675.2	Archaea	Thermophiles	Archaea_Temperature	Metallosphaera	Metallosphaera hakonensis	1293036.0	500000
411	GCA_003201765.2	GCA_003201765.2	Archaea	Thermophiles	Archaea_Temperature	Acidianus	Acidianus sulfidivorans	619593.0	500000
412	GCA_003201835.2	GCA_003201835.2	Archaea	Thermophiles	Archaea_Temperature	Acidianus_B	Acidianus_B brierleyi	41673.0	500000
413	GCA_003217155.1	GCA_003217155.1	Bacteria	Psychrophiles	Bacteria_Temperature	Psychrobacter	Psychrobacter fozii	198480.0	500000
414	GCA_003219795.1	GCA_003219795.1	Bacteria	Psychrophiles	Bacteria_Temperature	Specibacter	Specibacter psychrolactophilus	92442.0	500000
415	GCA_003219815.1	GCA_003219815.1	Bacteria	Psychrophiles	Bacteria_Temperature	Specibacter	Specibacter livingstonensis	670078.0	500001
416	GCA_003259835.1	GCA_003259835.1	Bacteria	Psychrophiles	Bacteria_Temperature	Flavobacterium	Flavobacterium aquaticum	1236486.0	500000
417	GCA_003264935.1	GCA_003264935.1	Archaea	Thermophiles	Archaea_Temperature	Methanothermobacter_A	Methanothermobacter_A tenebrarum	680118.0	500002
418	GCA_003312425.1	GCA_003312425.1	Bacteria	Psychrophiles	Bacteria_Temperature	Flavobacterium	Flavobacterium psychrolimnae	249351.0	500001
419	GCA_003336745.1	GCA_003336745.1	Bacteria	Thermophiles	Bacteria_Temperature	Thermus	Thermus caldifontis	1930763.0	500001
420	GCA_003344925.1	GCA_003344925.1	Bacteria	Psychrophiles	Bacteria_Temperature	Flavobacterium	Flavobacterium arcticum	1784713.0	500000
421	GCA_003350005.1	GCA_003350005.1	Bacteria	Psychrophiles	Bacteria_Temperature	Psychrobacter	Psychrobacter proteolyticus_A	147825.0	500000
422	GCA_003350545.1	GCA_003350545.1	Bacteria	Psychrophiles	Bacteria_Temperature	Flavobacterium	Flavobacterium glaciei	386300.0	500001
423	GCA_003353085.1	GCA_003353085.1	Bacteria	Mesophiles	Bacteria_Temperature	Shewanella	Shewanella corallii	560080.0	500000
424	GCA_003368535.1	GCA_003368535.1	Bacteria	Thermophiles	Bacteria_Temperature	Ammonifex	Ammonifex thiophilus	444093.0	500001
425	GCA_003399625.1	GCA_003399625.1	Bacteria	Psychrophiles	Bacteria_Temperature	Subtercola	Subtercola boreus_C	120213.0	500000
426	GCA_003399635.1	GCA_003399635.1	Bacteria	Psychrophiles	Bacteria_Temperature	Subtercola	Subtercola boreus_B	120213.0	500001
427	GCA_003399645.1	GCA_003399645.1	Bacteria	Psychrophiles	Bacteria_Temperature	Subtercola	Subtercola boreus_A	120213.0	500001
428	GCA_003534205.1	GCA_003534205.1	Bacteria	Mesophiles	Bacteria_Temperature	Listeria_A	Listeria_A weihenstephanensis	1006155.0	500000
429	GCA_003568865.1	GCA_003568865.1	Bacteria	Mesophiles	Bacteria_Temperature	Rubrobacter	Rubrobacter indicoceani	2051957.0	500000
430	GCA_003574035.1	GCA_003574035.1	Bacteria	Thermophiles	Bacteria_Temperature	Meiothermus	Meiothermus hypogaeus	884155.0	500004
431	GCA_003574085.1	GCA_003574085.1	Bacteria	Thermophiles	Bacteria_Temperature	Meiothermus	Meiothermus luteus	2026184.0	500009
432	GCA_003574095.1	GCA_003574095.1	Bacteria	Thermophiles	Bacteria_Temperature	Calidithermus	Calidithermus roseus	1644118.0	500004
433	GCA_003574215.1	GCA_003574215.1	Bacteria	Thermophiles	Bacteria_Temperature	Hydrogenophilus	Hydrogenophilus thermoluteolus	297.0	500000
434	GCA_003605125.1	GCA_003605125.1	Bacteria	Psychrophiles	Bacteria_Temperature	Shewanella	Shewanella algidipiscicola	614070.0	500000
435	GCA_003634755.1	GCA_003634755.1	Bacteria	Psychrophiles	Bacteria_Temperature	Flavobacterium	Flavobacterium limicola	180441.0	500000
436	GCA_003688495.1	GCA_003688495.1	Bacteria	Psychrophiles	Bacteria_Temperature	Flavobacterium	Flavobacterium weaverense	271156.0	500000
437	GCA_003722075.1	GCA_003722075.1	Archaea	Mesophiles	Archaea_Temperature	Methanohalophilus	Methanohalophilus sp003722075	2485783.0	500001
438	GCA_003722315.1	GCA_003722315.1	Bacteria	Thermophiles	Bacteria_Temperature	Thermoanaerobacter	Thermoanaerobacter ethanolicus	509192.0	500000
439	GCA_003797125.1	GCA_003797125.1	Bacteria	Psychrophiles	Bacteria_Temperature	Shewanella	Shewanella frigidimarina	56812.0	500000
440	GCA_003797885.1	GCA_003797885.1	Bacteria	Psychrophiles	Bacteria_Temperature	Shewanella	Shewanella vesiculosa	518738.0	500001
441	GCA_003855395.1	GCA_003855395.1	Bacteria	Psychrophiles	Bacteria_Temperature	Shewanella	Shewanella livingstonensis	150120.0	500000
442	GCA_003862495.1	GCA_003862495.1	Archaea	Mesophiles	Archaea_Temperature	Halomarina	Halomarina oriensis_A	671145.0	500001
443	GCA_003966225.1	GCA_003966225.1	Bacteria	Psychrophiles	Bacteria_Temperature	Shewanella	Shewanella canadensis	271096.0	500000
444	GCA_003966265.1	GCA_003966265.1	Bacteria	Psychrophiles	Bacteria_Temperature	Shewanella	Shewanella atlantica	271099.0	500000
445	GCA_003967175.1	GCA_003967175.1	Archaea	Thermophiles	Archaea_Temperature	Sulfodiicoccus	Sulfodiicoccus acidiphilus	1670455.0	500000
446	GCA_003970495.1	GCA_003970495.1	Bacteria	Mesophiles	Bacteria_Temperature	Staphylococcus	Staphylococcus pasteuri	45972.0	500003
447	GCA_003970575.1	GCA_003970575.1	Bacteria	Mesophiles	Bacteria_Temperature	Mammaliicoccus	Mammaliicoccus fleurettii	150056.0	500007
448	GCA_004102725.1	GCA_004102725.1	Archaea	Mesophiles	Archaea_Temperature	Methanoculleus_A	Methanoculleus_A taiwanensis	1550565.0	500000
449	GCA_004117075.1	GCA_004117075.1	Bacteria	Thermophiles	Bacteria_Temperature	Fervidobacterium	Fervidobacterium changbaicum	310769.0	500000
450	GCA_004137855.1	GCA_004137855.1	Archaea	Mesophiles	Archaea_Temperature	Methanohalophilus	Methanohalophilus profundi	2138083.0	500000
451	GCA_004217335.1	GCA_004217335.1	Archaea	Thermophiles	Archaea_Temperature	Natrinema	Natrinema hispanicum	392421.0	500000
452	GCA_004345675.1	GCA_004345675.1	Bacteria	Thermophiles	Bacteria_Temperature	Caldanaerobacter	Caldanaerobacter subterraneus	911092.0	500003
453	GCA_004365915.1	GCA_004365915.1	Bacteria	Psychrophiles	Bacteria_Temperature	Cryobacterium	Cryobacterium psychrophilum	41988.0	500000
454	GCA_004366795.1	GCA_004366795.1	Bacteria	Thermophiles	Bacteria_Temperature	Alicyclobacillus	Alicyclobacillus sacchari	392010.0	500001
455	GCA_004402405.1	GCA_004402405.1	Bacteria	Psychrophiles	Bacteria_Temperature	Cryobacterium	Cryobacterium levicorallinum	995038.0	500000
456	GCA_004634385.1	GCA_004634385.1	Bacteria	Hyperthermophiles	Bacteria_Temperature	Thermaerobacter	Thermaerobacter sp004634385	2546351.0	500000
457	GCA_004745425.1	GCA_004745425.1	Archaea	Mesophiles	Archaea_Temperature	Methanolobus	Methanolobus sp004745425	2052935.0	500001
458	GCA_004765815.2	GCA_004765815.2	Archaea	Mesophiles	Archaea_Temperature	Halorussus	Halorussus salinus	1364935.0	500000
459	GCA_004799665.1	GCA_004799665.1	Archaea	Mesophiles	Archaea_Temperature	Halapricum	Halapricum salinum	1457250.0	500000
460	GCA_004923255.1	GCA_004923255.1	Bacteria	Psychrophiles	Bacteria_Temperature	Subtercola	Subtercola vilae	2056433.0	500002
461	GCA_005954745.1	GCA_005954745.1	Archaea	Mesophiles	Archaea_Temperature	Halostella	Halostella pelagica	2583824.0	500000
462	GCA_006094395.1	GCA_006094395.1	Bacteria	Mesophiles	Bacteria_Temperature	Staphylococcus	Staphylococcus haemolyticus	1283.0	500000
463	GCA_006716115.1	GCA_006716115.1	Bacteria	Psychrophiles	Bacteria_Temperature	Subtercola	Subtercola boreus	120213.0	500000
464	GCA_006757745.1	GCA_006757745.1	Bacteria	Mesophiles	Bacteria_Temperature	Acinetobacter	Acinetobacter radioresistens	575589.0	500000
465	GCA_007004735.1	GCA_007004735.1	Archaea	Thermophiles	Archaea_Temperature	Salinigranum	Salinigranum halophilum	2565931.0	500000
466	GCA_007197645.1	GCA_007197645.1	Bacteria	Psychrophiles	Bacteria_Temperature	Shewanella	Shewanella hanedai	25.0	500001
467	GCA_007475525.1	GCA_007475525.1	Bacteria	Thermophiles	Bacteria_Temperature	Methylacidiphilum	Methylacidiphilum kamchatkense	1202785.0	500000
468	GCA_007567505.1	GCA_007567505.1	Bacteria	Psychrophiles	Bacteria_Temperature	Shewanella	Shewanella donghaensis	238836.0	500000
469	GCA_007671655.1	GCA_007671655.1	Bacteria	Mesophiles	Bacteria_Temperature	Marinobacter	Marinobacter piscensis	1562308.0	500000
470	GCA_007671675.1	GCA_007671675.1	Bacteria	Psychrophiles	Bacteria_Temperature	Marinobacter	Marinobacter maritimus	277961.0	500000
471	GCA_007991715.1	GCA_007991715.1	Bacteria	Thermophiles	Bacteria_Temperature	Alicyclobacillus	Alicyclobacillus acidoterrestris_A	1450.0	500001
472	GCA_007997305.1	GCA_007997305.1	Bacteria	Psychrophiles	Bacteria_Temperature	Psychrobacter	Psychrobacter frigidicola	45611.0	500000
473	GCA_008124605.1	GCA_008124605.1	Archaea	Mesophiles	Archaea_Temperature	Halobacterium	Halobacterium salinarum	2597657.0	500000
474	GCA_008931805.1	GCA_008931805.1	Bacteria	Psychrophiles	Bacteria_Temperature	Moritella	Moritella marina	1202962.0	500000
475	GCA_009183365.2	GCA_009183365.2	Bacteria	Mesophiles	Bacteria_Temperature	Shewanella	Shewanella algae	38313.0	500000
476	GCA_009617755.1	GCA_009617755.1	Bacteria	Mesophiles	Bacteria_Temperature	Marinobacter	Marinobacter salsuginis	418719.0	500000
477	GCA_009729015.1	GCA_009729015.1	Archaea	Hyperthermophiles	Archaea_Temperature	Acidianus	Acidianus ambivalens	2283.0	500000
478	GCA_009729035.1	GCA_009729035.1	Archaea	Thermophiles	Archaea_Temperature	Stygiolobus	Stygiolobus azoricus	1313299.0	500000
479	GCA_009729055.1	GCA_009729055.1	Archaea	Thermophiles	Archaea_Temperature	Sulfurisphaera	Sulfurisphaera ohwakuensis	69656.0	500000
480	GCA_009729545.1	GCA_009729545.1	Archaea	Hyperthermophiles	Archaea_Temperature	Acidianus	Acidianus infernus	12915.0	500000
481	GCA_009735625.1	GCA_009735625.1	Bacteria	Thermophiles	Bacteria_Temperature	Moorella	Moorella glycerini	55779.0	500000
482	GCA_009759685.1	GCA_009759685.1	Bacteria	Mesophiles	Bacteria_Temperature	Acinetobacter	Acinetobacter baumannii	509170.0	500000
483	GCA_009791395.1	GCA_009791395.1	Archaea	Mesophiles	Archaea_Temperature	Halomarina	Halomarina oriensis	671145.0	500000
484	GCA_009914725.1	GCA_009914725.1	Archaea	Psychrophiles	Archaea_Temperature	Methanogenium	Methanogenium sp009914725	2599926.0	500008
485	GCA_010119195.1	GCA_010119195.1	Archaea	Mesophiles	Archaea_Temperature	Haloarcula	Haloarcula salina	1429914.0	500000
486	GCA_010119205.1	GCA_010119205.1	Archaea	Mesophiles	Archaea_Temperature	Halomicroarcula	Halomicroarcula limicola	1429915.0	500000
487	GCA_010604095.1	GCA_010604095.1	Bacteria	Mesophiles	Bacteria_Temperature	Streptococcus	Streptococcus sp000187445	1343.0	500002
488	GCA_011049865.1	GCA_011049865.1	Bacteria	Psychrophiles	Bacteria_Temperature	Marinobacter	Marinobacter antarcticus_A	564117.0	500004
489	GCA_013282665.1	GCA_013282665.1	Bacteria	Mesophiles	Bacteria_Temperature	Listeria	Listeria monocytogenes_C	552536.0	500000
490	GCA_013340765.1	GCA_013340765.1	Archaea	Thermophiles	Archaea_Temperature	Conexivisphaera	Conexivisphaera calida	1874277.0	500000
491	GCA_013343115.1	GCA_013343115.1	Bacteria	Mesophiles	Bacteria_Temperature	Streptococcus	Streptococcus sanguinis_H	888825.0	500000
492	GCA_013343295.1	GCA_013343295.1	Archaea	Thermophiles	Archaea_Temperature	Metallosphaera	Metallosphaera tengchongensis	1532350.0	500000
493	GCA_013388255.1	GCA_013388255.1	Archaea	Thermophiles	Archaea_Temperature	Methanolobus	Methanolobus zinderi	536044.0	500000
494	GCA_013760845.1	GCA_013760845.1	Bacteria	Thermophiles	Bacteria_Temperature	Anoxybacillus_B	Anoxybacillus_B calidus	575178.0	500000
495	GCA_014196195.1	GCA_014196195.1	Bacteria	Thermophiles	Bacteria_Temperature	Anoxybacillus_A	Anoxybacillus_A rupiensis	1895648.0	500000
496	GCA_014200405.1	GCA_014200405.1	Bacteria	Psychrophiles	Bacteria_Temperature	Cryobacterium	Cryobacterium roopkundense	1001240.0	500000
497	GCA_014201585.1	GCA_014201585.1	Bacteria	Thermophiles	Bacteria_Temperature	Anoxybacillus	Anoxybacillus tengchongensis	576944.0	500001
498	GCA_014635045.1	GCA_014635045.1	Bacteria	Mesophiles	Bacteria_Temperature	Staphylococcus	Staphylococcus nepalensis	214473.0	500000
499	GCA_014646555.1	GCA_014646555.1	Archaea	Hyperthermophiles	Archaea_Temperature	Vulcanisaeta	Vulcanisaeta souniana	1293586.0	500000
500	GCA_014647115.1	GCA_014647115.1	Archaea	Mesophiles	Archaea_Temperature	Halarchaeum	Halarchaeum rubridurum	489911.0	500000
501	GCA_014647135.1	GCA_014647135.1	Bacteria	Mesophiles	Bacteria_Temperature	Shewanella	Shewanella xiamenensis	332186.0	500001
502	GCA_014651955.1	GCA_014651955.1	Bacteria	Mesophiles	Bacteria_Temperature	Shewanella	Shewanella fodinae	552357.0	500001
503	GCA_014784055.1	GCA_014784055.1	Bacteria	Psychrophiles	Bacteria_Temperature	Polaribacter	Polaribacter haliotis	1888915.0	500000
504	GCA_015163485.1	GCA_015163485.1	Archaea	Hyperthermophiles	Archaea_Temperature	Geoglobus	Geoglobus acetivorans_A	565033.0	500001
505	GCA_015223105.1	GCA_015223105.1	Bacteria	Psychrophiles	Bacteria_Temperature	Flavobacterium	Flavobacterium aquaticum_A	1236486.0	500000
506	GCA_015276835.1	GCA_015276835.1	Bacteria	Mesophiles	Bacteria_Temperature	Listeria	Listeria innocua	1642.0	500000
507	GCA_016107535.1	GCA_016107535.1	Bacteria	Psychrophiles	Bacteria_Temperature	Psychrobacter	Psychrobacter cibarius	282669.0	500001
508	GCA_016406305.1	GCA_016406305.1	Bacteria	Mesophiles	Bacteria_Temperature	Shewanella	Shewanella putrefaciens_C	24.0	500000
509	GCA_016406325.1	GCA_016406325.1	Bacteria	Mesophiles	Bacteria_Temperature	Shewanella	Shewanella putrefaciens	24.0	500000
510	GCA_017298635.1	GCA_017298635.1	Bacteria	Thermophiles	Bacteria_Temperature	Alicyclobacillus_B	Alicyclobacillus_B ferrooxydans_B	471514.0	500000
511	GCA_017310505.1	GCA_017310505.1	Bacteria	Thermophiles	Bacteria_Temperature	Methylacidiphilum	Methylacidiphilum sp004421255	1847729.0	500000
512	GCA_017873335.1	GCA_017873335.1	Archaea	Hyperthermophiles	Archaea_Temperature	Thermococcus	Thermococcus stetteri	49900.0	500000
513	GCA_017873625.1	GCA_017873625.1	Archaea	Mesophiles	Archaea_Temperature	Methanobacterium	Methanobacterium petrolearium	710190.0	500001
514	GCA_017873855.1	GCA_017873855.1	Archaea	Mesophiles	Archaea_Temperature	Methanolinea_B	Methanolinea_B mesophila	547055.0	500000
515	GCA_017874375.1	GCA_017874375.1	Archaea	Mesophiles	Archaea_Temperature	Methanohalophilus	Methanohalophilus levihalophilus	1431282.0	500000
516	GCA_018228765.1	GCA_018228765.1	Archaea	Mesophiles	Archaea_Temperature	Halorubrum	Halorubrum sp000296615	35743.0	500000
517	GCA_018861005.1	GCA_018861005.1	Bacteria	Psychrophiles	Bacteria_Temperature	Polaribacter	Polaribacter vadi_A	1774273.0	500001
518	GCA_019263745.1	GCA_019263745.1	Archaea	Mesophiles	Archaea_Temperature	Methanospirillum	Methanospirillum sp012729995	323259.0	500000
519	GCA_900079115.1	GCA_900079115.1	Archaea	Hyperthermophiles	Archaea_Temperature	Saccharolobus	Saccharolobus solfataricus	2287.0	500000
520	GCA_900095385.1	GCA_900095385.1	Archaea	Mesophiles	Archaea_Temperature	Methanoculleus	Methanoculleus chikugoensis_A	1293042.0	500003
521	GCA_900095815.1	GCA_900095815.1	Archaea	Thermophiles	Archaea_Temperature	Methanothermobacter	Methanothermobacter wolfeii	145261.0	500000
522	GCA_900095845.1	GCA_900095845.1	Bacteria	Mesophiles	Bacteria_Temperature	Streptococcus	Streptococcus timonensis	1852387.0	500000
523	GCA_900099915.1	GCA_900099915.1	Bacteria	Psychrophiles	Bacteria_Temperature	Flavobacterium	Flavobacterium omnivorum	178355.0	500001
524	GCA_900100875.1	GCA_900100875.1	Archaea	Mesophiles	Archaea_Temperature	Halopelagius	Halopelagius longus	1236180.0	500000
525	GCA_900101115.1	GCA_900101115.1	Bacteria	Psychrophiles	Bacteria_Temperature	Cryobacterium	Cryobacterium psychrotolerans	386301.0	500001
526	GCA_900101915.1	GCA_900101915.1	Bacteria	Psychrophiles	Bacteria_Temperature	Psychrobacter	Psychrobacter pacificensis	112002.0	500001
527	GCA_900102145.1	GCA_900102145.1	Bacteria	Thermophiles	Bacteria_Temperature	Thermus	Thermus arciformis	482827.0	500003
528	GCA_900103715.1	GCA_900103715.1	Archaea	Mesophiles	Archaea_Temperature	Halogranum	Halogranum gelatinilyticum	660521.0	500000
529	GCA_900103805.1	GCA_900103805.1	Bacteria	Psychrophiles	Bacteria_Temperature	Cryobacterium	Cryobacterium flavum	1424659.0	500001
530	GCA_900104065.1	GCA_900104065.1	Archaea	Mesophiles	Archaea_Temperature	Natronobacterium	Natronobacterium texcoconense	1095778.0	500000
531	GCA_900105965.1	GCA_900105965.1	Bacteria	Psychrophiles	Bacteria_Temperature	Specibacter	Specibacter alpinus	656366.0	500000
532	GCA_900106645.1	GCA_900106645.1	Bacteria	Psychrophiles	Bacteria_Temperature	Flavobacterium	Flavobacterium degerlachei	229203.0	500000
533	GCA_900129575.1	GCA_900129575.1	Bacteria	Psychrophiles	Bacteria_Temperature	Flavobacterium	Flavobacterium segetis	271157.0	500001
534	GCA_900106945.1	GCA_900106945.1	Bacteria	Mesophiles	Bacteria_Temperature	Marinobacter	Marinobacter mobilis	488533.0	500000
535	GCA_900107035.1	GCA_900107035.1	Bacteria	Thermophiles	Bacteria_Temperature	Alicyclobacillus	Alicyclobacillus hesperidum	89784.0	500001
536	GCA_900107635.1	GCA_900107635.1	Bacteria	Psychrophiles	Bacteria_Temperature	Flavobacterium	Flavobacterium gillisiae	150146.0	500000
537	GCA_900108015.1	GCA_900108015.1	Bacteria	Psychrophiles	Bacteria_Temperature	Flavobacterium	Flavobacterium urumqiense	935224.0	500000
538	GCA_900110125.1	GCA_900110125.1	Bacteria	Psychrophiles	Bacteria_Temperature	Cryobacterium	Cryobacterium luteum	1424661.0	500001
539	GCA_900110375.1	GCA_900110375.1	Bacteria	Psychrophiles	Bacteria_Temperature	Flavobacterium	Flavobacterium sinopsychrotolerans	604089.0	500000
540	GCA_900110455.1	GCA_900110455.1	Archaea	Mesophiles	Archaea_Temperature	Natrinema	Natrinema salifodinae	1202768.0	500000
541	GCA_900110465.1	GCA_900110465.1	Archaea	Mesophiles	Archaea_Temperature	Halogranum	Halogranum amylolyticum	660520.0	500000
542	GCA_900110865.1	GCA_900110865.1	Archaea	Mesophiles	Archaea_Temperature	Natrinema	Natrinema salaciae	1186196.0	500000
543	GCA_900111075.1	GCA_900111075.1	Bacteria	Psychrophiles	Bacteria_Temperature	Flavobacterium	Flavobacterium frigoris	229204.0	500000
544	GCA_900111485.1	GCA_900111485.1	Archaea	Thermophiles	Archaea_Temperature	Natrinema	Natrinema hispanicum_A	392421.0	500001
545	GCA_900111555.1	GCA_900111555.1	Bacteria	Mesophiles	Bacteria_Temperature	Marinobacter	Marinobacter segnicrescens	430453.0	500000
546	GCA_900111795.1	GCA_900111795.1	Bacteria	Thermophiles	Bacteria_Temperature	Anoxybacillus	Anoxybacillus pushchinoensis	150248.0	500004
547	GCA_900111865.1	GCA_900111865.1	Bacteria	Thermophiles	Bacteria_Temperature	Parageobacillus	Parageobacillus thermantarcticus	186116.0	500001
548	GCA_900111935.1	GCA_900111935.1	Archaea	Mesophiles	Archaea_Temperature	Halorubrum	Halorubrum sodomense	35743.0	500000
549	GCA_900112175.1	GCA_900112175.1	Archaea	Thermophiles	Archaea_Temperature	Halogeometricum	Halogeometricum rufum	553469.0	500000
550	GCA_900112975.1	GCA_900112975.1	Bacteria	Psychrophiles	Bacteria_Temperature	Flavobacterium	Flavobacterium xueshanense	935223.0	500001
551	GCA_900114435.1	GCA_900114435.1	Archaea	Mesophiles	Archaea_Temperature	Halomicrobium	Halomicrobium zhouii	767519.0	500000
552	GCA_900114835.1	GCA_900114835.1	Archaea	Mesophiles	Archaea_Temperature	Methanolobus	Methanolobus profundi	487685.0	500000
553	GCA_900116205.1	GCA_900116205.1	Archaea	Mesophiles	Archaea_Temperature	Halostagnicola	Halostagnicola kamekurae	619731.0	500000
554	GCA_900116805.1	GCA_900116805.1	Bacteria	Thermophiles	Bacteria_Temperature	Alicyclobacillus_H	Alicyclobacillus_H macrosporangiidus	392015.0	500000
555	GCA_900129115.1	GCA_900129115.1	Bacteria	Thermophiles	Bacteria_Temperature	Thermoanaerobacter	Thermoanaerobacter uzonensis	1123369.0	500001
556	GCA_900129585.1	GCA_900129585.1	Bacteria	Psychrophiles	Bacteria_Temperature	Flavobacterium	Flavobacterium micromati	229205.0	500001
557	GCA_900142255.1	GCA_900142255.1	Bacteria	Thermophiles	Bacteria_Temperature	Alicyclobacillus_I	Alicyclobacillus_I montanus	1830138.0	500002
558	GCA_900142385.1	GCA_900142385.1	Bacteria	Psychrophiles	Bacteria_Temperature	Marinobacter	Marinobacter antarcticus	564117.0	500000
559	GCA_900142415.1	GCA_900142415.1	Bacteria	Thermophiles	Bacteria_Temperature	Rhodothermus	Rhodothermus profundi	633813.0	500000
560	GCA_900142435.1	GCA_900142435.1	Bacteria	Thermophiles	Bacteria_Temperature	Thermocrinis_A	Thermocrinis_A minervae	381751.0	500000
561	GCA_900142695.1	GCA_900142695.1	Bacteria	Psychrophiles	Bacteria_Temperature	Flavobacterium	Flavobacterium xanthum	69322.0	500002
562	GCA_900142885.1	GCA_900142885.1	Bacteria	Psychrophiles	Bacteria_Temperature	Flavobacterium	Flavobacterium xinjiangense	178356.0	500000
563	GCA_900143245.1	GCA_900143245.1	Bacteria	Psychrophiles	Bacteria_Temperature	Flavobacterium	Flavobacterium fryxellicola	249352.0	500000
564	GCA_900156405.1	GCA_900156405.1	Bacteria	Psychrophiles	Bacteria_Temperature	Shewanella	Shewanella morhuae	365591.0	500000
565	GCA_900156755.1	GCA_900156755.1	Bacteria	Thermophiles	Bacteria_Temperature	Alicyclobacillus	Alicyclobacillus vulcanalis	252246.0	500001
566	GCA_900162825.1	GCA_900162825.1	Bacteria	Psychrophiles	Bacteria_Temperature	Psychrobacter	Psychrobacter piechaudii	1945521.0	500011
567	GCA_900166965.1	GCA_900166965.1	Bacteria	Psychrophiles	Bacteria_Temperature	Photobacterium	Photobacterium piscicola	1378299.0	500000
568	GCA_900166975.1	GCA_900166975.1	Bacteria	Psychrophiles	Bacteria_Temperature	Photobacterium	Photobacterium toruni	1935446.0	500000
569	GCA_900176005.1	GCA_900176005.1	Bacteria	Thermophiles	Bacteria_Temperature	Thermanaeromonas	Thermanaeromonas toyohensis	698762.0	500000
570	GCA_900176145.1	GCA_900176145.1	Bacteria	Thermophiles	Bacteria_Temperature	Sulfobacillus	Sulfobacillus thermosulfidooxidans	28034.0	500000
571	GCA_900176435.1	GCA_900176435.1	Archaea	Thermophiles	Archaea_Temperature	Picrophilus	Picrophilus oshimae	1122961.0	500000
572	GCA_900182635.1	GCA_900182635.1	Archaea	Mesophiles	Archaea_Temperature	Halorubrum	Halorubrum cibi	413815.0	500000
573	GCA_900186985.1	GCA_900186985.1	Bacteria	Mesophiles	Bacteria_Temperature	Staphylococcus	Staphylococcus piscifermentans	70258.0	500000
574	GCA_900187025.1	GCA_900187025.1	Bacteria	Mesophiles	Bacteria_Temperature	Listeria	Listeria ivanovii	881621.0	500000
575	GCA_900188065.1	GCA_900188065.1	Archaea	Mesophiles	Archaea_Temperature	Halorubrum	Halorubrum vacuolatum	63740.0	500001
576	GCA_900198835.1	GCA_900198835.1	Archaea	Hyperthermophiles	Archaea_Temperature	Thermococcus	Thermococcus sp900198835	2016361.0	500000
577	GCA_900215215.1	GCA_900215215.1	Archaea	Thermophiles	Archaea_Temperature	Methanohalophilus	Methanohalophilus euhalobius	51203.0	500001
578	GCA_900215575.1	GCA_900215575.1	Archaea	Mesophiles	Archaea_Temperature	Natronoarchaeum	Natronoarchaeum philippinense	558529.0	500000
579	GCA_900456975.1	GCA_900456975.1	Bacteria	Psychrophiles	Bacteria_Temperature	Shewanella	Shewanella baltica	693974.0	500000
580	GCA_900458435.1	GCA_900458435.1	Bacteria	Mesophiles	Bacteria_Temperature	Staphylococcus	Staphylococcus carnosus	1281.0	500000
581	GCA_900458565.1	GCA_900458565.1	Bacteria	Mesophiles	Bacteria_Temperature	Staphylococcus	Staphylococcus equorum	1357294.0	500000
582	GCA_900465055.1	GCA_900465055.1	Bacteria	Psychrophiles	Bacteria_Temperature	Moritella	Moritella yayanosii	69539.0	500000
583	GCA_900475595.1	GCA_900475595.1	Bacteria	Mesophiles	Bacteria_Temperature	Streptococcus	Streptococcus uberis	1349.0	500000
584	GCA_900636325.1	GCA_900636325.1	Bacteria	Mesophiles	Bacteria_Temperature	Staphylococcus	Staphylococcus delphini	53344.0	500000
585	GCA_900636385.1	GCA_900636385.1	Bacteria	Mesophiles	Bacteria_Temperature	Staphylococcus	Staphylococcus warneri	904338.0	500000
586	GCA_904846075.1	GCA_904846075.1	Bacteria	Psychrophiles	Bacteria_Temperature	Psychrobacter	Psychrobacter glacincola_C	56810.0	500000
587	GCA_904846145.1	GCA_904846145.1	Bacteria	Psychrophiles	Bacteria_Temperature	Psychrobacter	Psychrobacter immobilis_G	498.0	500000
588	GCA_904846175.1	GCA_904846175.1	Bacteria	Psychrophiles	Bacteria_Temperature	Psychrobacter	Psychrobacter immobilis_E	498.0	500000
589	GCA_904846185.1	GCA_904846185.1	Bacteria	Psychrophiles	Bacteria_Temperature	Psychrobacter	Psychrobacter immobilis_B	498.0	500002
590	GCA_904846215.1	GCA_904846215.1	Bacteria	Psychrophiles	Bacteria_Temperature	Psychrobacter	Psychrobacter glacincola_B	56810.0	500001
591	GCA_904846225.1	GCA_904846225.1	Bacteria	Psychrophiles	Bacteria_Temperature	Psychrobacter	Psychrobacter immobilis_F	498.0	500001
592	GCA_904846235.1	GCA_904846235.1	Bacteria	Psychrophiles	Bacteria_Temperature	Psychrobacter	Psychrobacter immobilis_C	498.0	500001
593	GCA_904846265.1	GCA_904846265.1	Bacteria	Psychrophiles	Bacteria_Temperature	Psychrobacter	Psychrobacter immobilis_A	498.0	500001
594	GCA_904846285.1	GCA_904846285.1	Bacteria	Psychrophiles	Bacteria_Temperature	Psychrobacter	Psychrobacter immobilis_D	498.0	500001
595	GCA_904846415.1	GCA_904846415.1	Bacteria	Psychrophiles	Bacteria_Temperature	Psychrobacter	Psychrobacter piscatorii_A	554343.0	500002
596	GCA_904846675.1	GCA_904846675.1	Bacteria	Psychrophiles	Bacteria_Temperature	Psychrobacter	Psychrobacter urativorans_B	45610.0	500001
597	GCA_904846695.1	GCA_904846695.1	Bacteria	Psychrophiles	Bacteria_Temperature	Psychrobacter	Psychrobacter urativorans_C	45610.0	500000
